Old Ward Code,New ward code,Ward,Borough,GCSE point scores - 2011,Public Transport Accessibility - 2011,,,,,,,,,,,,,,,,,,,,,,,,,,,,,,,,,,,,,,,,
00AA,E09000001,City of London,City of London,363,7.7,,,,,,,,,,,,,,,,,,,,,,,,,,,,,,,,,,,,,,,,
00ABFX,E05000026,Abbey,Barking and Dagenham,335,5.9,,,,,,,,,,,,,,,,,,,,,,,,,,,,,,,,,,,,,,,,
00ABFY,E05000027,Alibon,Barking and Dagenham,333,3.3,,,,,,,,,,,,,,,,,,,,,,,,,,,,,,,,,,,,,,,,
00ABFZ,E05000028,Becontree,Barking and Dagenham,327,2.9,,,,,,,,,,,,,,,,,,,,,,,,,,,,,,,,,,,,,,,,
00ABGA,E05000029,Chadwell Heath,Barking and Dagenham,340,2.3,,,,,,,,,,,,,,,,,,,,,,,,,,,,,,,,,,,,,,,,
00ABGB,E05000030,Eastbrook,Barking and Dagenham,330,2.3,,,,,,,,,,,,,,,,,,,,,,,,,,,,,,,,,,,,,,,,
00ABGC,E05000031,Eastbury,Barking and Dagenham,349,2.8,,,,,,,,,,,,,,,,,,,,,,,,,,,,,,,,,,,,,,,,
00ABGD,E05000032,Gascoigne,Barking and Dagenham,331,3.8,,,,,,,,,,,,,,,,,,,,,,,,,,,,,,,,,,,,,,,,
00ABGE,E05000033,Goresbrook,Barking and Dagenham,332,2.5,,,,,,,,,,,,,,,,,,,,,,,,,,,,,,,,,,,,,,,,
00ABGF,E05000034,Heath,Barking and Dagenham,326,2.6,,,,,,,,,,,,,,,,,,,,,,,,,,,,,,,,,,,,,,,,
00ABGG,E05000035,Longbridge,Barking and Dagenham,352,3.1,,,,,,,,,,,,,,,,,,,,,,,,,,,,,,,,,,,,,,,,
00ABGH,E05000036,Mayesbrook,Barking and Dagenham,339,2.6,,,,,,,,,,,,,,,,,,,,,,,,,,,,,,,,,,,,,,,,
00ABGJ,E05000037,Parsloes,Barking and Dagenham,332,2.7,,,,,,,,,,,,,,,,,,,,,,,,,,,,,,,,,,,,,,,,
00ABGK,E05000038,River,Barking and Dagenham,337,3.0,,,,,,,,,,,,,,,,,,,,,,,,,,,,,,,,,,,,,,,,
00ABGL,E05000039,Thames,Barking and Dagenham,329,2.2,,,,,,,,,,,,,,,,,,,,,,,,,,,,,,,,,,,,,,,,
00ABGM,E05000040,Valence,Barking and Dagenham,340,3.2,,,,,,,,,,,,,,,,,,,,,,,,,,,,,,,,,,,,,,,,
00ABGN,E05000041,Village,Barking and Dagenham,317,2.8,,,,,,,,,,,,,,,,,,,,,,,,,,,,,,,,,,,,,,,,
00ABGP,E05000042,Whalebone,Barking and Dagenham,345,2.9,,,,,,,,,,,,,,,,,,,,,,,,,,,,,,,,,,,,,,,,
00ACFX,E05000043,Brunswick Park,Barnet,367,2.8,,,,,,,,,,,,,,,,,,,,,,,,,,,,,,,,,,,,,,,,
00ACFY,E05000044,Burnt Oak,Barnet,343,3.6,,,,,,,,,,,,,,,,,,,,,,,,,,,,,,,,,,,,,,,,
00ACFZ,E05000045,Childs Hill,Barnet,369,4.5,,,,,,,,,,,,,,,,,,,,,,,,,,,,,,,,,,,,,,,,
00ACGA,E05000046,Colindale,Barnet,342,2.5,,,,,,,,,,,,,,,,,,,,,,,,,,,,,,,,,,,,,,,,
00ACGB,E05000047,Coppetts,Barnet,368,2.9,,,,,,,,,,,,,,,,,,,,,,,,,,,,,,,,,,,,,,,,
00ACGC,E05000048,East Barnet,Barnet,351,2.6,,,,,,,,,,,,,,,,,,,,,,,,,,,,,,,,,,,,,,,,
00ACGD,E05000049,East Finchley,Barnet,351,2.6,,,,,,,,,,,,,,,,,,,,,,,,,,,,,,,,,,,,,,,,
00ACGE,E05000050,Edgware,Barnet,356,2.9,,,,,,,,,,,,,,,,,,,,,,,,,,,,,,,,,,,,,,,,
00ACGF,E05000051,Finchley Church End,Barnet,369,2.9,,,,,,,,,,,,,,,,,,,,,,,,,,,,,,,,,,,,,,,,
00ACGG,E05000052,Garden Suburb,Barnet,380,2.7,,,,,,,,,,,,,,,,,,,,,,,,,,,,,,,,,,,,,,,,
00ACGH,E05000053,Golders Green,Barnet,363,3.4,,,,,,,,,,,,,,,,,,,,,,,,,,,,,,,,,,,,,,,,
00ACGJ,E05000054,Hale,Barnet,348,2.5,,,,,,,,,,,,,,,,,,,,,,,,,,,,,,,,,,,,,,,,
00ACGK,E05000055,Hendon,Barnet,354,2.6,,,,,,,,,,,,,,,,,,,,,,,,,,,,,,,,,,,,,,,,
00ACGL,E05000056,High Barnet,Barnet,381,2.7,,,,,,,,,,,,,,,,,,,,,,,,,,,,,,,,,,,,,,,,
00ACGM,E05000057,Mill Hill,Barnet,360,2.2,,,,,,,,,,,,,,,,,,,,,,,,,,,,,,,,,,,,,,,,
00ACGN,E05000058,Oakleigh,Barnet,369,3.2,,,,,,,,,,,,,,,,,,,,,,,,,,,,,,,,,,,,,,,,
00ACGP,E05000059,Totteridge,Barnet,379,2.7,,,,,,,,,,,,,,,,,,,,,,,,,,,,,,,,,,,,,,,,
00ACGQ,E05000060,Underhill,Barnet,337,2.6,,,,,,,,,,,,,,,,,,,,,,,,,,,,,,,,,,,,,,,,
00ACGR,E05000061,West Finchley,Barnet,377,3.8,,,,,,,,,,,,,,,,,,,,,,,,,,,,,,,,,,,,,,,,
00ACGS,E05000062,West Hendon,Barnet,352,3.5,,,,,,,,,,,,,,,,,,,,,,,,,,,,,,,,,,,,,,,,
00ACGT,E05000063,Woodhouse,Barnet,359,2.8,,,,,,,,,,,,,,,,,,,,,,,,,,,,,,,,,,,,,,,,
00ADGA,E05000064,Barnehurst,Bexley,365,3.0,,,,,,,,,,,,,,,,,,,,,,,,,,,,,,,,,,,,,,,,
00ADGB,E05000065,Belvedere,Bexley,312,2.4,,,,,,,,,,,,,,,,,,,,,,,,,,,,,,,,,,,,,,,,
00ADGC,E05000066,Blackfen and Lamorbey,Bexley,364,2.0,,,,,,,,,,,,,,,,,,,,,,,,,,,,,,,,,,,,,,,,
00ADGD,E05000067,Blendon and Penhill,Bexley,355,2.0,,,,,,,,,,,,,,,,,,,,,,,,,,,,,,,,,,,,,,,,
00ADGE,E05000068,Brampton,Bexley,366,2.5,,,,,,,,,,,,,,,,,,,,,,,,,,,,,,,,,,,,,,,,
00ADGF,E05000069,Christchurch,Bexley,375,3.4,,,,,,,,,,,,,,,,,,,,,,,,,,,,,,,,,,,,,,,,
00ADGG,E05000070,Colyers,Bexley,342,1.9,,,,,,,,,,,,,,,,,,,,,,,,,,,,,,,,,,,,,,,,
00ADGH,E05000071,Crayford,Bexley,336,2.0,,,,,,,,,,,,,,,,,,,,,,,,,,,,,,,,,,,,,,,,
00ADGJ,E05000072,Cray Meadows,Bexley,352,2.0,,,,,,,,,,,,,,,,,,,,,,,,,,,,,,,,,,,,,,,,
00ADGK,E05000073,Danson Park,Bexley,356,2.9,,,,,,,,,,,,,,,,,,,,,,,,,,,,,,,,,,,,,,,,
00ADGL,E05000074,East Wickham,Bexley,346,2.8,,,,,,,,,,,,,,,,,,,,,,,,,,,,,,,,,,,,,,,,
00ADGM,E05000075,Erith,Bexley,337,2.5,,,,,,,,,,,,,,,,,,,,,,,,,,,,,,,,,,,,,,,,
00ADGN,E05000076,Falconwood and Welling,Bexley,344,2.6,,,,,,,,,,,,,,,,,,,,,,,,,,,,,,,,,,,,,,,,
00ADGP,E05000077,Lesnes Abbey,Bexley,335,2.8,,,,,,,,,,,,,,,,,,,,,,,,,,,,,,,,,,,,,,,,
00ADGQ,E05000078,Longlands,Bexley,374,2.6,,,,,,,,,,,,,,,,,,,,,,,,,,,,,,,,,,,,,,,,
00ADGR,E05000079,North End,Bexley,322,2.4,,,,,,,,,,,,,,,,,,,,,,,,,,,,,,,,,,,,,,,,
00ADGS,E05000080,Northumberland Heath,Bexley,350,2.1,,,,,,,,,,,,,,,,,,,,,,,,,,,,,,,,,,,,,,,,
00ADGT,E05000081,St Mary's,Bexley,376,2.6,,,,,,,,,,,,,,,,,,,,,,,,,,,,,,,,,,,,,,,,
00ADGU,E05000082,St Michael's,Bexley,352,2.0,,,,,,,,,,,,,,,,,,,,,,,,,,,,,,,,,,,,,,,,
00ADGW,E05000083,Sidcup,Bexley,370,3.0,,,,,,,,,,,,,,,,,,,,,,,,,,,,,,,,,,,,,,,,
00ADGX,E05000084,Thamesmead East,Bexley,348,2.6,,,,,,,,,,,,,,,,,,,,,,,,,,,,,,,,,,,,,,,,
00AEGJ,E05000085,Alperton,Brent,332,3.0,,,,,,,,,,,,,,,,,,,,,,,,,,,,,,,,,,,,,,,,
00AEGK,E05000086,Barnhill,Brent,355,3.0,,,,,,,,,,,,,,,,,,,,,,,,,,,,,,,,,,,,,,,,
00AEGL,E05000087,Brondesbury Park,Brent,340,4.0,,,,,,,,,,,,,,,,,,,,,,,,,,,,,,,,,,,,,,,,
00AEGM,E05000088,Dollis Hill,Brent,331,2.8,,,,,,,,,,,,,,,,,,,,,,,,,,,,,,,,,,,,,,,,
00AEGN,E05000089,Dudden Hill,Brent,348,3.4,,,,,,,,,,,,,,,,,,,,,,,,,,,,,,,,,,,,,,,,
00AEGP,E05000090,Fryent,Brent,356,2.8,,,,,,,,,,,,,,,,,,,,,,,,,,,,,,,,,,,,,,,,
00AEGQ,E05000091,Harlesden,Brent,308,3.8,,,,,,,,,,,,,,,,,,,,,,,,,,,,,,,,,,,,,,,,
00AEGR,E05000092,Kensal Green,Brent,306,4.1,,,,,,,,,,,,,,,,,,,,,,,,,,,,,,,,,,,,,,,,
00AEGS,E05000093,Kenton,Brent,374,2.6,,,,,,,,,,,,,,,,,,,,,,,,,,,,,,,,,,,,,,,,
00AEGT,E05000094,Kilburn,Brent,340,5.5,,,,,,,,,,,,,,,,,,,,,,,,,,,,,,,,,,,,,,,,
00AEGU,E05000095,Mapesbury,Brent,333,4.5,,,,,,,,,,,,,,,,,,,,,,,,,,,,,,,,,,,,,,,,
00AEGW,E05000096,Northwick Park,Brent,370,2.8,,,,,,,,,,,,,,,,,,,,,,,,,,,,,,,,,,,,,,,,
00AEGX,E05000097,Preston,Brent,365,3.1,,,,,,,,,,,,,,,,,,,,,,,,,,,,,,,,,,,,,,,,
00AEGY,E05000098,Queens Park,Brent,348,5.0,,,,,,,,,,,,,,,,,,,,,,,,,,,,,,,,,,,,,,,,
00AEGZ,E05000099,Queensbury,Brent,348,3.0,,,,,,,,,,,,,,,,,,,,,,,,,,,,,,,,,,,,,,,,
00AEHA,E05000100,Stonebridge,Brent,323,3.0,,,,,,,,,,,,,,,,,,,,,,,,,,,,,,,,,,,,,,,,
00AEHB,E05000101,Sudbury,Brent,356,3.3,,,,,,,,,,,,,,,,,,,,,,,,,,,,,,,,,,,,,,,,
00AEHC,E05000102,Tokyngton,Brent,343,3.3,,,,,,,,,,,,,,,,,,,,,,,,,,,,,,,,,,,,,,,,
00AEHD,E05000103,Welsh Harp,Brent,341,2.8,,,,,,,,,,,,,,,,,,,,,,,,,,,,,,,,,,,,,,,,
00AEHE,E05000104,Wembley Central,Brent,343,4.7,,,,,,,,,,,,,,,,,,,,,,,,,,,,,,,,,,,,,,,,
00AEHF,E05000105,Willesden Green,Brent,321,4.6,,,,,,,,,,,,,,,,,,,,,,,,,,,,,,,,,,,,,,,,
00AFGD,E05000106,Bickley,Bromley,389,2.3,,,,,,,,,,,,,,,,,,,,,,,,,,,,,,,,,,,,,,,,
00AFGE,E05000107,Biggin Hill,Bromley,355,1.8,,,,,,,,,,,,,,,,,,,,,,,,,,,,,,,,,,,,,,,,
00AFGF,E05000108,Bromley Common and Keston,Bromley,363,2.3,,,,,,,,,,,,,,,,,,,,,,,,,,,,,,,,,,,,,,,,
00AFGG,E05000109,Bromley Town,Bromley,373,3.7,,,,,,,,,,,,,,,,,,,,,,,,,,,,,,,,,,,,,,,,
00AFGH,E05000110,Chelsfield and Pratts Bottom,Bromley,369,1.9,,,,,,,,,,,,,,,,,,,,,,,,,,,,,,,,,,,,,,,,
00AFGJ,E05000111,Chislehurst,Bromley,373,2.2,,,,,,,,,,,,,,,,,,,,,,,,,,,,,,,,,,,,,,,,
00AFGK,E05000112,Clock House,Bromley,364,4.0,,,,,,,,,,,,,,,,,,,,,,,,,,,,,,,,,,,,,,,,
00AFGL,E05000113,Copers Cope,Bromley,356,3.1,,,,,,,,,,,,,,,,,,,,,,,,,,,,,,,,,,,,,,,,
00AFGM,E05000114,Cray Valley East,Bromley,337,2.2,,,,,,,,,,,,,,,,,,,,,,,,,,,,,,,,,,,,,,,,
00AFGN,E05000115,Cray Valley West,Bromley,333,2.4,,,,,,,,,,,,,,,,,,,,,,,,,,,,,,,,,,,,,,,,
00AFGP,E05000116,Crystal Palace,Bromley,330,4.4,,,,,,,,,,,,,,,,,,,,,,,,,,,,,,,,,,,,,,,,
00AFGQ,E05000117,Darwin,Bromley,367,1.3,,,,,,,,,,,,,,,,,,,,,,,,,,,,,,,,,,,,,,,,
00AFGR,E05000118,Farnborough and Crofton,Bromley,381,2.3,,,,,,,,,,,,,,,,,,,,,,,,,,,,,,,,,,,,,,,,
00AFGS,E05000119,Hayes and Coney Hall,Bromley,376,2.3,,,,,,,,,,,,,,,,,,,,,,,,,,,,,,,,,,,,,,,,
00AFGT,E05000120,Kelsey and Eden Park,Bromley,364,2.6,,,,,,,,,,,,,,,,,,,,,,,,,,,,,,,,,,,,,,,,
00AFGU,E05000121,Mottingham and Chislehurst North,Bromley,342,2.5,,,,,,,,,,,,,,,,,,,,,,,,,,,,,,,,,,,,,,,,
00AFGW,E05000122,Orpington,Bromley,366,2.7,,,,,,,,,,,,,,,,,,,,,,,,,,,,,,,,,,,,,,,,
00AFGX,E05000123,Penge and Cator,Bromley,337,4.0,,,,,,,,,,,,,,,,,,,,,,,,,,,,,,,,,,,,,,,,
00AFGY,E05000124,Petts Wood and Knoll,Bromley,384,2.4,,,,,,,,,,,,,,,,,,,,,,,,,,,,,,,,,,,,,,,,
00AFGZ,E05000125,Plaistow and Sundridge,Bromley,351,2.8,,,,,,,,,,,,,,,,,,,,,,,,,,,,,,,,,,,,,,,,
00AFHA,E05000126,Shortlands,Bromley,377,2.5,,,,,,,,,,,,,,,,,,,,,,,,,,,,,,,,,,,,,,,,
00AFHB,E05000127,West Wickham,Bromley,372,2.1,,,,,,,,,,,,,,,,,,,,,,,,,,,,,,,,,,,,,,,,
00AGGD,E05000128,Belsize,Camden,330,4.1,,,,,,,,,,,,,,,,,,,,,,,,,,,,,,,,,,,,,,,,
00AGGE,E05000129,Bloomsbury,Camden,363,7.9,,,,,,,,,,,,,,,,,,,,,,,,,,,,,,,,,,,,,,,,
00AGGF,E05000130,Camden Town with Primrose Hill,Camden,357,5.8,,,,,,,,,,,,,,,,,,,,,,,,,,,,,,,,,,,,,,,,
00AGGG,E05000131,Cantelowes,Camden,316,4.9,,,,,,,,,,,,,,,,,,,,,,,,,,,,,,,,,,,,,,,,
00AGGH,E05000132,Fortune Green,Camden,329,4.5,,,,,,,,,,,,,,,,,,,,,,,,,,,,,,,,,,,,,,,,
00AGGJ,E05000133,Frognal and Fitzjohns,Camden,328,4.5,,,,,,,,,,,,,,,,,,,,,,,,,,,,,,,,,,,,,,,,
00AGGK,E05000134,Gospel Oak,Camden,321,4.0,,,,,,,,,,,,,,,,,,,,,,,,,,,,,,,,,,,,,,,,
00AGGL,E05000135,Hampstead Town,Camden,322,4.1,,,,,,,,,,,,,,,,,,,,,,,,,,,,,,,,,,,,,,,,
00AGGM,E05000136,Haverstock,Camden,330,4.9,,,,,,,,,,,,,,,,,,,,,,,,,,,,,,,,,,,,,,,,
00AGGN,E05000137,Highgate,Camden,327,3.9,,,,,,,,,,,,,,,,,,,,,,,,,,,,,,,,,,,,,,,,
00AGGP,E05000138,Holborn and Covent Garden,Camden,331,7.9,,,,,,,,,,,,,,,,,,,,,,,,,,,,,,,,,,,,,,,,
00AGGQ,E05000139,Kentish Town,Camden,332,5.5,,,,,,,,,,,,,,,,,,,,,,,,,,,,,,,,,,,,,,,,
00AGGR,E05000140,Kilburn,Camden,332,5.7,,,,,,,,,,,,,,,,,,,,,,,,,,,,,,,,,,,,,,,,
00AGGS,E05000141,King's Cross,Camden,290,7.7,,,,,,,,,,,,,,,,,,,,,,,,,,,,,,,,,,,,,,,,
00AGGT,E05000142,Regent's Park,Camden,321,6.6,,,,,,,,,,,,,,,,,,,,,,,,,,,,,,,,,,,,,,,,
00AGGU,E05000143,St Pancras and Somers Town,Camden,320,6.4,,,,,,,,,,,,,,,,,,,,,,,,,,,,,,,,,,,,,,,,
00AGGW,E05000144,Swiss Cottage,Camden,333,6.2,,,,,,,,,,,,,,,,,,,,,,,,,,,,,,,,,,,,,,,,
00AGGX,E05000145,West Hampstead,Camden,351,5.9,,,,,,,,,,,,,,,,,,,,,,,,,,,,,,,,,,,,,,,,
00AHGE,E05000146,Addiscombe,Croydon,342,4.5,,,,,,,,,,,,,,,,,,,,,,,,,,,,,,,,,,,,,,,,
00AHGF,E05000147,Ashburton,Croydon,349,2.7,,,,,,,,,,,,,,,,,,,,,,,,,,,,,,,,,,,,,,,,
00AHGG,E05000148,Bensham Manor,Croydon,340,3.4,,,,,,,,,,,,,,,,,,,,,,,,,,,,,,,,,,,,,,,,
00AHGH,E05000149,Broad Green,Croydon,328,4.5,,,,,,,,,,,,,,,,,,,,,,,,,,,,,,,,,,,,,,,,
00AHGJ,E05000150,Coulsdon East,Croydon,352,1.7,,,,,,,,,,,,,,,,,,,,,,,,,,,,,,,,,,,,,,,,
00AHGK,E05000151,Coulsdon West,Croydon,386,2.4,,,,,,,,,,,,,,,,,,,,,,,,,,,,,,,,,,,,,,,,
00AHGL,E05000152,Croham,Croydon,369,3.2,,,,,,,,,,,,,,,,,,,,,,,,,,,,,,,,,,,,,,,,
00AHGM,E05000153,Fairfield,Croydon,367,5.8,,,,,,,,,,,,,,,,,,,,,,,,,,,,,,,,,,,,,,,,
00AHGN,E05000154,Fieldway,Croydon,317,3.1,,,,,,,,,,,,,,,,,,,,,,,,,,,,,,,,,,,,,,,,
00AHGP,E05000155,Heathfield,Croydon,354,2.3,,,,,,,,,,,,,,,,,,,,,,,,,,,,,,,,,,,,,,,,
00AHGQ,E05000156,Kenley,Croydon,355,1.9,,,,,,,,,,,,,,,,,,,,,,,,,,,,,,,,,,,,,,,,
00AHGR,E05000157,New Addington,Croydon,332,3.0,,,,,,,,,,,,,,,,,,,,,,,,,,,,,,,,,,,,,,,,
00AHGS,E05000158,Norbury,Croydon,356,2.9,,,,,,,,,,,,,,,,,,,,,,,,,,,,,,,,,,,,,,,,
00AHGT,E05000159,Purley,Croydon,375,2.8,,,,,,,,,,,,,,,,,,,,,,,,,,,,,,,,,,,,,,,,
00AHGU,E05000160,Sanderstead,Croydon,368,1.6,,,,,,,,,,,,,,,,,,,,,,,,,,,,,,,,,,,,,,,,
00AHGW,E05000161,Selhurst,Croydon,338,4.2,,,,,,,,,,,,,,,,,,,,,,,,,,,,,,,,,,,,,,,,
00AHGX,E05000162,Selsdon and Ballards,Croydon,366,2.0,,,,,,,,,,,,,,,,,,,,,,,,,,,,,,,,,,,,,,,,
00AHGY,E05000163,Shirley,Croydon,335,1.9,,,,,,,,,,,,,,,,,,,,,,,,,,,,,,,,,,,,,,,,
00AHGZ,E05000164,South Norwood,Croydon,352,3.9,,,,,,,,,,,,,,,,,,,,,,,,,,,,,,,,,,,,,,,,
00AHHA,E05000165,Thornton Heath,Croydon,340,3.1,,,,,,,,,,,,,,,,,,,,,,,,,,,,,,,,,,,,,,,,
00AHHB,E05000166,Upper Norwood,Croydon,345,2.9,,,,,,,,,,,,,,,,,,,,,,,,,,,,,,,,,,,,,,,,
00AHHC,E05000167,Waddon,Croydon,353,3.6,,,,,,,,,,,,,,,,,,,,,,,,,,,,,,,,,,,,,,,,
00AHHD,E05000168,West Thornton,Croydon,344,3.0,,,,,,,,,,,,,,,,,,,,,,,,,,,,,,,,,,,,,,,,
00AHHE,E05000169,Woodside,Croydon,340,3.4,,,,,,,,,,,,,,,,,,,,,,,,,,,,,,,,,,,,,,,,
00AJGC,E05000170,Acton Central,Ealing,343,3.3,,,,,,,,,,,,,,,,,,,,,,,,,,,,,,,,,,,,,,,,
00AJGD,E05000171,Cleveland,Ealing,349,2.9,,,,,,,,,,,,,,,,,,,,,,,,,,,,,,,,,,,,,,,,
00AJGE,E05000172,Dormers Wells,Ealing,330,3.2,,,,,,,,,,,,,,,,,,,,,,,,,,,,,,,,,,,,,,,,
00AJGF,E05000173,Ealing Broadway,Ealing,359,4.6,,,,,,,,,,,,,,,,,,,,,,,,,,,,,,,,,,,,,,,,
00AJGG,E05000174,Ealing Common,Ealing,338,3.4,,,,,,,,,,,,,,,,,,,,,,,,,,,,,,,,,,,,,,,,
00AJGH,E05000175,East Acton,Ealing,341,4.1,,,,,,,,,,,,,,,,,,,,,,,,,,,,,,,,,,,,,,,,
00AJGJ,E05000176,Elthorne,Ealing,349,3.6,,,,,,,,,,,,,,,,,,,,,,,,,,,,,,,,,,,,,,,,
00AJGK,E05000177,Greenford Broadway,Ealing,328,3.2,,,,,,,,,,,,,,,,,,,,,,,,,,,,,,,,,,,,,,,,
00AJGL,E05000178,Greenford Green,Ealing,347,2.7,,,,,,,,,,,,,,,,,,,,,,,,,,,,,,,,,,,,,,,,
00AJGM,E05000179,Hanger Hill,Ealing,354,3.7,,,,,,,,,,,,,,,,,,,,,,,,,,,,,,,,,,,,,,,,
00AJGN,E05000180,Hobbayne,Ealing,356,3.0,,,,,,,,,,,,,,,,,,,,,,,,,,,,,,,,,,,,,,,,
00AJGP,E05000181,Lady Margaret,Ealing,330,2.9,,,,,,,,,,,,,,,,,,,,,,,,,,,,,,,,,,,,,,,,
00AJGQ,E05000182,Northfield,Ealing,381,3.3,,,,,,,,,,,,,,,,,,,,,,,,,,,,,,,,,,,,,,,,
00AJGR,E05000183,North Greenford,Ealing,344,2.7,,,,,,,,,,,,,,,,,,,,,,,,,,,,,,,,,,,,,,,,
00AJGS,E05000184,Northolt Mandeville,Ealing,341,3.0,,,,,,,,,,,,,,,,,,,,,,,,,,,,,,,,,,,,,,,,
00AJGT,E05000185,Northolt West End,Ealing,332,2.4,,,,,,,,,,,,,,,,,,,,,,,,,,,,,,,,,,,,,,,,
00AJGU,E05000186,Norwood Green,Ealing,341,2.2,,,,,,,,,,,,,,,,,,,,,,,,,,,,,,,,,,,,,,,,
00AJGW,E05000187,Perivale,Ealing,353,2.3,,,,,,,,,,,,,,,,,,,,,,,,,,,,,,,,,,,,,,,,
00AJGX,E05000188,South Acton,Ealing,343,4.7,,,,,,,,,,,,,,,,,,,,,,,,,,,,,,,,,,,,,,,,
00AJGY,E05000189,Southall Broadway,Ealing,332,3.3,,,,,,,,,,,,,,,,,,,,,,,,,,,,,,,,,,,,,,,,
00AJGZ,E05000190,Southall Green,Ealing,339,3.0,,,,,,,,,,,,,,,,,,,,,,,,,,,,,,,,,,,,,,,,
00AJHA,E05000191,Southfield,Ealing,340,3.4,,,,,,,,,,,,,,,,,,,,,,,,,,,,,,,,,,,,,,,,
00AJHB,E05000192,Walpole,Ealing,382,3.7,,,,,,,,,,,,,,,,,,,,,,,,,,,,,,,,,,,,,,,,
00AKGL,E05000193,Bowes,Enfield,345,3.7,,,,,,,,,,,,,,,,,,,,,,,,,,,,,,,,,,,,,,,,
00AKGM,E05000194,Bush Hill Park,Enfield,365,2.7,,,,,,,,,,,,,,,,,,,,,,,,,,,,,,,,,,,,,,,,
00AKGN,E05000195,Chase,Enfield,335,1.9,,,,,,,,,,,,,,,,,,,,,,,,,,,,,,,,,,,,,,,,
00AKGP,E05000196,Cockfosters,Enfield,355,2.5,,,,,,,,,,,,,,,,,,,,,,,,,,,,,,,,,,,,,,,,
00AKGQ,E05000197,Edmonton Green,Enfield,335,4.0,,,,,,,,,,,,,,,,,,,,,,,,,,,,,,,,,,,,,,,,
00AKGR,E05000198,Enfield Highway,Enfield,326,2.5,,,,,,,,,,,,,,,,,,,,,,,,,,,,,,,,,,,,,,,,
00AKGS,E05000199,Enfield Lock,Enfield,333,2.6,,,,,,,,,,,,,,,,,,,,,,,,,,,,,,,,,,,,,,,,
00AKGT,E05000200,Grange,Enfield,365,3.0,,,,,,,,,,,,,,,,,,,,,,,,,,,,,,,,,,,,,,,,
00AKGU,E05000201,Haselbury,Enfield,332,3.1,,,,,,,,,,,,,,,,,,,,,,,,,,,,,,,,,,,,,,,,
00AKGW,E05000202,Highlands,Enfield,358,2.6,,,,,,,,,,,,,,,,,,,,,,,,,,,,,,,,,,,,,,,,
00AKGX,E05000203,Jubilee,Enfield,332,2.5,,,,,,,,,,,,,,,,,,,,,,,,,,,,,,,,,,,,,,,,
00AKGY,E05000204,Lower Edmonton,Enfield,321,3.4,,,,,,,,,,,,,,,,,,,,,,,,,,,,,,,,,,,,,,,,
00AKGZ,E05000205,Palmers Green,Enfield,350,2.5,,,,,,,,,,,,,,,,,,,,,,,,,,,,,,,,,,,,,,,,
00AKHA,E05000206,Ponders End,Enfield,338,3.2,,,,,,,,,,,,,,,,,,,,,,,,,,,,,,,,,,,,,,,,
00AKHB,E05000207,Southbury,Enfield,335,3.1,,,,,,,,,,,,,,,,,,,,,,,,,,,,,,,,,,,,,,,,
00AKHC,E05000208,Southgate,Enfield,369,3.1,,,,,,,,,,,,,,,,,,,,,,,,,,,,,,,,,,,,,,,,
00AKHD,E05000209,Southgate Green,Enfield,347,3.8,,,,,,,,,,,,,,,,,,,,,,,,,,,,,,,,,,,,,,,,
00AKHE,E05000210,Town,Enfield,347,2.5,,,,,,,,,,,,,,,,,,,,,,,,,,,,,,,,,,,,,,,,
00AKHF,E05000211,Turkey Street,Enfield,321,2.5,,,,,,,,,,,,,,,,,,,,,,,,,,,,,,,,,,,,,,,,
00AKHG,E05000212,Upper Edmonton,Enfield,335,3.2,,,,,,,,,,,,,,,,,,,,,,,,,,,,,,,,,,,,,,,,
00AKHH,E05000213,Winchmore Hill,Enfield,380,2.7,,,,,,,,,,,,,,,,,,,,,,,,,,,,,,,,,,,,,,,,
00ALGP,E05000214,Abbey Wood,Greenwich,314,3.1,,,,,,,,,,,,,,,,,,,,,,,,,,,,,,,,,,,,,,,,
00ALGQ,E05000215,Blackheath Westcombe,Greenwich,370,3.4,,,,,,,,,,,,,,,,,,,,,,,,,,,,,,,,,,,,,,,,
00ALGR,E05000216,Charlton,Greenwich,331,3.7,,,,,,,,,,,,,,,,,,,,,,,,,,,,,,,,,,,,,,,,
00ALGS,E05000217,Coldharbour and New Eltham,Greenwich,347,2.8,,,,,,,,,,,,,,,,,,,,,,,,,,,,,,,,,,,,,,,,
00ALGT,E05000218,Eltham North,Greenwich,366,2.9,,,,,,,,,,,,,,,,,,,,,,,,,,,,,,,,,,,,,,,,
00ALGU,E05000219,Eltham South,Greenwich,352,3.2,,,,,,,,,,,,,,,,,,,,,,,,,,,,,,,,,,,,,,,,
00ALGW,E05000220,Eltham West,Greenwich,311,2.9,,,,,,,,,,,,,,,,,,,,,,,,,,,,,,,,,,,,,,,,
00ALGX,E05000221,Glyndon,Greenwich,320,3.8,,,,,,,,,,,,,,,,,,,,,,,,,,,,,,,,,,,,,,,,
00ALGY,E05000222,Greenwich West,Greenwich,327,4.3,,,,,,,,,,,,,,,,,,,,,,,,,,,,,,,,,,,,,,,,
00ALGZ,E05000223,Kidbrooke with Hornfair,Greenwich,322,2.6,,,,,,,,,,,,,,,,,,,,,,,,,,,,,,,,,,,,,,,,
00ALHA,E05000224,Middle Park and Sutcliffe,Greenwich,330,2.4,,,,,,,,,,,,,,,,,,,,,,,,,,,,,,,,,,,,,,,,
00ALHB,E05000225,Peninsula,Greenwich,326,4.1,,,,,,,,,,,,,,,,,,,,,,,,,,,,,,,,,,,,,,,,
00ALHC,E05000226,Plumstead,Greenwich,328,3.4,,,,,,,,,,,,,,,,,,,,,,,,,,,,,,,,,,,,,,,,
00ALHD,E05000227,Shooters Hill,Greenwich,358,2.4,,,,,,,,,,,,,,,,,,,,,,,,,,,,,,,,,,,,,,,,
00ALHE,E05000228,Thamesmead Moorings,Greenwich,337,2.6,,,,,,,,,,,,,,,,,,,,,,,,,,,,,,,,,,,,,,,,
00ALHF,E05000229,Woolwich Common,Greenwich,322,4.1,,,,,,,,,,,,,,,,,,,,,,,,,,,,,,,,,,,,,,,,
00ALHG,E05000230,Woolwich Riverside,Greenwich,312,4.2,,,,,,,,,,,,,,,,,,,,,,,,,,,,,,,,,,,,,,,,
00AMGA,E05000231,Brownswood,Hackney,328,5.8,,,,,,,,,,,,,,,,,,,,,,,,,,,,,,,,,,,,,,,,
00AMGB,E05000232,Cazenove,Hackney,327,4.8,,,,,,,,,,,,,,,,,,,,,,,,,,,,,,,,,,,,,,,,
00AMGC,E05000233,Chatham,Hackney,323,5.8,,,,,,,,,,,,,,,,,,,,,,,,,,,,,,,,,,,,,,,,
00AMGD,E05000234,Clissold,Hackney,346,3.7,,,,,,,,,,,,,,,,,,,,,,,,,,,,,,,,,,,,,,,,
00AMGE,E05000235,Dalston,Hackney,340,5.6,,,,,,,,,,,,,,,,,,,,,,,,,,,,,,,,,,,,,,,,
00AMGF,E05000236,De Beauvoir,Hackney,333,4.6,,,,,,,,,,,,,,,,,,,,,,,,,,,,,,,,,,,,,,,,
00AMGG,E05000237,Hackney Central,Hackney,341,6.7,,,,,,,,,,,,,,,,,,,,,,,,,,,,,,,,,,,,,,,,
00AMGH,E05000238,Hackney Downs,Hackney,332,5.3,,,,,,,,,,,,,,,,,,,,,,,,,,,,,,,,,,,,,,,,
00AMGJ,E05000239,Haggerston,Hackney,330,5.2,,,,,,,,,,,,,,,,,,,,,,,,,,,,,,,,,,,,,,,,
00AMGK,E05000240,Hoxton,Hackney,308,5.6,,,,,,,,,,,,,,,,,,,,,,,,,,,,,,,,,,,,,,,,
00AMGL,E05000241,King's Park,Hackney,333,3.1,,,,,,,,,,,,,,,,,,,,,,,,,,,,,,,,,,,,,,,,
00AMGM,E05000242,Leabridge,Hackney,320,4.3,,,,,,,,,,,,,,,,,,,,,,,,,,,,,,,,,,,,,,,,
00AMGN,E05000243,Lordship,Hackney,332,3.7,,,,,,,,,,,,,,,,,,,,,,,,,,,,,,,,,,,,,,,,
00AMGP,E05000244,New River,Hackney,324,5.0,,,,,,,,,,,,,,,,,,,,,,,,,,,,,,,,,,,,,,,,
00AMGQ,E05000245,Queensbridge,Hackney,320,4.1,,,,,,,,,,,,,,,,,,,,,,,,,,,,,,,,,,,,,,,,
00AMGR,E05000246,Springfield,Hackney,347,3.1,,,,,,,,,,,,,,,,,,,,,,,,,,,,,,,,,,,,,,,,
00AMGS,E05000247,Stoke Newington Central,Hackney,333,5.2,,,,,,,,,,,,,,,,,,,,,,,,,,,,,,,,,,,,,,,,
00AMGT,E05000248,Victoria,Hackney,325,4.7,,,,,,,,,,,,,,,,,,,,,,,,,,,,,,,,,,,,,,,,
00AMGU,E05000249,Wick,Hackney,327,4.0,,,,,,,,,,,,,,,,,,,,,,,,,,,,,,,,,,,,,,,,
00ANGA,E05000250,Addison,Hammersmith and Fulham,362,6.4,,,,,,,,,,,,,,,,,,,,,,,,,,,,,,,,,,,,,,,,
00ANGB,E05000251,Askew,Hammersmith and Fulham,351,3.5,,,,,,,,,,,,,,,,,,,,,,,,,,,,,,,,,,,,,,,,
00ANGC,E05000252,Avonmore and Brook Green,Hammersmith and Fulham,357,5.9,,,,,,,,,,,,,,,,,,,,,,,,,,,,,,,,,,,,,,,,
00ANGD,E05000253,College Park and Old Oak,Hammersmith and Fulham,341,4.6,,,,,,,,,,,,,,,,,,,,,,,,,,,,,,,,,,,,,,,,
00ANGE,E05000254,Fulham Broadway,Hammersmith and Fulham,351,5.0,,,,,,,,,,,,,,,,,,,,,,,,,,,,,,,,,,,,,,,,
00ANGF,E05000255,Fulham Reach,Hammersmith and Fulham,372,3.8,,,,,,,,,,,,,,,,,,,,,,,,,,,,,,,,,,,,,,,,
00ANGG,E05000256,Hammersmith Broadway,Hammersmith and Fulham,347,6.0,,,,,,,,,,,,,,,,,,,,,,,,,,,,,,,,,,,,,,,,
00ANGH,E05000257,Munster,Hammersmith and Fulham,357,3.7,,,,,,,,,,,,,,,,,,,,,,,,,,,,,,,,,,,,,,,,
00ANGJ,E05000258,North End,Hammersmith and Fulham,361,5.3,,,,,,,,,,,,,,,,,,,,,,,,,,,,,,,,,,,,,,,,
00ANGK,E05000259,Palace Riverside,Hammersmith and Fulham,356,3.9,,,,,,,,,,,,,,,,,,,,,,,,,,,,,,,,,,,,,,,,
00ANGL,E05000260,Parsons Green and Walham,Hammersmith and Fulham,341,4.7,,,,,,,,,,,,,,,,,,,,,,,,,,,,,,,,,,,,,,,,
00ANGM,E05000261,Ravenscourt Park,Hammersmith and Fulham,352,4.2,,,,,,,,,,,,,,,,,,,,,,,,,,,,,,,,,,,,,,,,
00ANGN,E05000262,Sands End,Hammersmith and Fulham,354,3.0,,,,,,,,,,,,,,,,,,,,,,,,,,,,,,,,,,,,,,,,
00ANGP,E05000263,Shepherd's Bush Green,Hammersmith and Fulham,351,5.6,,,,,,,,,,,,,,,,,,,,,,,,,,,,,,,,,,,,,,,,
00ANGQ,E05000264,Town,Hammersmith and Fulham,361,4.8,,,,,,,,,,,,,,,,,,,,,,,,,,,,,,,,,,,,,,,,
00ANGR,E05000265,Wormholt and White City,Hammersmith and Fulham,347,3.1,,,,,,,,,,,,,,,,,,,,,,,,,,,,,,,,,,,,,,,,
00APGA,E05000266,Alexandra,Haringey,376,3.0,,,,,,,,,,,,,,,,,,,,,,,,,,,,,,,,,,,,,,,,
00APGB,E05000267,Bounds Green,Haringey,344,4.7,,,,,,,,,,,,,,,,,,,,,,,,,,,,,,,,,,,,,,,,
00APGC,E05000268,Bruce Grove,Haringey,317,4.4,,,,,,,,,,,,,,,,,,,,,,,,,,,,,,,,,,,,,,,,
00APGD,E05000269,Crouch End,Haringey,368,3.3,,,,,,,,,,,,,,,,,,,,,,,,,,,,,,,,,,,,,,,,
00APGE,E05000270,Fortis Green,Haringey,368,3.1,,,,,,,,,,,,,,,,,,,,,,,,,,,,,,,,,,,,,,,,
00APGF,E05000271,Harringay,Haringey,334,4.7,,,,,,,,,,,,,,,,,,,,,,,,,,,,,,,,,,,,,,,,
00APGG,E05000272,Highgate,Haringey,321,3.6,,,,,,,,,,,,,,,,,,,,,,,,,,,,,,,,,,,,,,,,
00APGH,E05000273,Hornsey,Haringey,350,3.0,,,,,,,,,,,,,,,,,,,,,,,,,,,,,,,,,,,,,,,,
00APGJ,E05000274,Muswell Hill,Haringey,382,3.2,,,,,,,,,,,,,,,,,,,,,,,,,,,,,,,,,,,,,,,,
00APGK,E05000275,Noel Park,Haringey,332,5.9,,,,,,,,,,,,,,,,,,,,,,,,,,,,,,,,,,,,,,,,
00APGL,E05000276,Northumberland Park,Haringey,315,3.9,,,,,,,,,,,,,,,,,,,,,,,,,,,,,,,,,,,,,,,,
00APGM,E05000277,St Ann's,Haringey,337,3.6,,,,,,,,,,,,,,,,,,,,,,,,,,,,,,,,,,,,,,,,
00APGN,E05000278,Seven Sisters,Haringey,327,4.3,,,,,,,,,,,,,,,,,,,,,,,,,,,,,,,,,,,,,,,,
00APGP,E05000279,Stroud Green,Haringey,350,3.8,,,,,,,,,,,,,,,,,,,,,,,,,,,,,,,,,,,,,,,,
00APGQ,E05000280,Tottenham Green,Haringey,314,5.7,,,,,,,,,,,,,,,,,,,,,,,,,,,,,,,,,,,,,,,,
00APGR,E05000281,Tottenham Hale,Haringey,318,4.2,,,,,,,,,,,,,,,,,,,,,,,,,,,,,,,,,,,,,,,,
00APGS,E05000282,West Green,Haringey,310,3.8,,,,,,,,,,,,,,,,,,,,,,,,,,,,,,,,,,,,,,,,
00APGT,E05000283,White Hart Lane,Haringey,327,3.2,,,,,,,,,,,,,,,,,,,,,,,,,,,,,,,,,,,,,,,,
00APGU,E05000284,Woodside,Haringey,339,4.6,,,,,,,,,,,,,,,,,,,,,,,,,,,,,,,,,,,,,,,,
00AQFY,E05000285,Belmont,Harrow,371,1.7,,,,,,,,,,,,,,,,,,,,,,,,,,,,,,,,,,,,,,,,
00AQFZ,E05000286,Canons,Harrow,358,2.7,,,,,,,,,,,,,,,,,,,,,,,,,,,,,,,,,,,,,,,,
00AQGA,E05000287,Edgware,Harrow,345,2.9,,,,,,,,,,,,,,,,,,,,,,,,,,,,,,,,,,,,,,,,
00AQGB,E05000288,Greenhill,Harrow,368,4.0,,,,,,,,,,,,,,,,,,,,,,,,,,,,,,,,,,,,,,,,
00AQGC,E05000289,Harrow on the Hill,Harrow,363,3.2,,,,,,,,,,,,,,,,,,,,,,,,,,,,,,,,,,,,,,,,
00AQGD,E05000290,Harrow Weald,Harrow,334,2.4,,,,,,,,,,,,,,,,,,,,,,,,,,,,,,,,,,,,,,,,
00AQGE,E05000291,Hatch End,Harrow,352,2.1,,,,,,,,,,,,,,,,,,,,,,,,,,,,,,,,,,,,,,,,
00AQGF,E05000292,Headstone North,Harrow,380,2.6,,,,,,,,,,,,,,,,,,,,,,,,,,,,,,,,,,,,,,,,
00AQGG,E05000293,Headstone South,Harrow,372,3.0,,,,,,,,,,,,,,,,,,,,,,,,,,,,,,,,,,,,,,,,
00AQGH,E05000294,Kenton East,Harrow,361,2.4,,,,,,,,,,,,,,,,,,,,,,,,,,,,,,,,,,,,,,,,
00AQGJ,E05000295,Kenton West,Harrow,375,2.8,,,,,,,,,,,,,,,,,,,,,,,,,,,,,,,,,,,,,,,,
00AQGK,E05000296,Marlborough,Harrow,353,3.6,,,,,,,,,,,,,,,,,,,,,,,,,,,,,,,,,,,,,,,,
00AQGL,E05000297,Pinner,Harrow,363,1.9,,,,,,,,,,,,,,,,,,,,,,,,,,,,,,,,,,,,,,,,
00AQGM,E05000298,Pinner South,Harrow,367,2.1,,,,,,,,,,,,,,,,,,,,,,,,,,,,,,,,,,,,,,,,
00AQGN,E05000299,Queensbury,Harrow,362,2.5,,,,,,,,,,,,,,,,,,,,,,,,,,,,,,,,,,,,,,,,
00AQGP,E05000300,Rayners Lane,Harrow,371,3.3,,,,,,,,,,,,,,,,,,,,,,,,,,,,,,,,,,,,,,,,
00AQGQ,E05000301,Roxbourne,Harrow,345,3.0,,,,,,,,,,,,,,,,,,,,,,,,,,,,,,,,,,,,,,,,
00AQGR,E05000302,Roxeth,Harrow,352,3.1,,,,,,,,,,,,,,,,,,,,,,,,,,,,,,,,,,,,,,,,
00AQGS,E05000303,Stanmore Park,Harrow,339,1.9,,,,,,,,,,,,,,,,,,,,,,,,,,,,,,,,,,,,,,,,
00AQGT,E05000304,Wealdstone,Harrow,336,3.1,,,,,,,,,,,,,,,,,,,,,,,,,,,,,,,,,,,,,,,,
00AQGU,E05000305,West Harrow,Harrow,341,3.2,,,,,,,,,,,,,,,,,,,,,,,,,,,,,,,,,,,,,,,,
00ARGC,E05000306,Brooklands,Havering,335,2.8,,,,,,,,,,,,,,,,,,,,,,,,,,,,,,,,,,,,,,,,
00ARGD,E05000307,Cranham,Havering,368,2.2,,,,,,,,,,,,,,,,,,,,,,,,,,,,,,,,,,,,,,,,
00ARGE,E05000308,Elm Park,Havering,332,2.7,,,,,,,,,,,,,,,,,,,,,,,,,,,,,,,,,,,,,,,,
00ARGF,E05000309,Emerson Park,Havering,363,2.0,,,,,,,,,,,,,,,,,,,,,,,,,,,,,,,,,,,,,,,,
00ARGG,E05000310,Gooshays,Havering,308,2.6,,,,,,,,,,,,,,,,,,,,,,,,,,,,,,,,,,,,,,,,
00ARGH,E05000311,Hacton,Havering,354,2.5,,,,,,,,,,,,,,,,,,,,,,,,,,,,,,,,,,,,,,,,
00ARGJ,E05000312,Harold Wood,Havering,345,2.4,,,,,,,,,,,,,,,,,,,,,,,,,,,,,,,,,,,,,,,,
00ARGK,E05000313,Havering Park,Havering,325,2.1,,,,,,,,,,,,,,,,,,,,,,,,,,,,,,,,,,,,,,,,
00ARGL,E05000314,Heaton,Havering,320,2.1,,,,,,,,,,,,,,,,,,,,,,,,,,,,,,,,,,,,,,,,
00ARGM,E05000315,Hylands,Havering,347,2.1,,,,,,,,,,,,,,,,,,,,,,,,,,,,,,,,,,,,,,,,
00ARGN,E05000316,Mawneys,Havering,334,2.4,,,,,,,,,,,,,,,,,,,,,,,,,,,,,,,,,,,,,,,,
00ARGP,E05000317,Pettits,Havering,351,2.2,,,,,,,,,,,,,,,,,,,,,,,,,,,,,,,,,,,,,,,,
00ARGQ,E05000318,Rainham and Wennington,Havering,327,2.0,,,,,,,,,,,,,,,,,,,,,,,,,,,,,,,,,,,,,,,,
00ARGR,E05000319,Romford Town,Havering,345,4.3,,,,,,,,,,,,,,,,,,,,,,,,,,,,,,,,,,,,,,,,
00ARGS,E05000320,St Andrew's,Havering,357,3.3,,,,,,,,,,,,,,,,,,,,,,,,,,,,,,,,,,,,,,,,
00ARGT,E05000321,South Hornchurch,Havering,331,2.4,,,,,,,,,,,,,,,,,,,,,,,,,,,,,,,,,,,,,,,,
00ARGU,E05000322,Squirrel's Heath,Havering,350,2.6,,,,,,,,,,,,,,,,,,,,,,,,,,,,,,,,,,,,,,,,
00ARGW,E05000323,Upminster,Havering,363,2.0,,,,,,,,,,,,,,,,,,,,,,,,,,,,,,,,,,,,,,,,
00ASGG,E05000324,Barnhill,Hillingdon,343,2.4,,,,,,,,,,,,,,,,,,,,,,,,,,,,,,,,,,,,,,,,
00ASGH,E05000325,Botwell,Hillingdon,331,2.8,,,,,,,,,,,,,,,,,,,,,,,,,,,,,,,,,,,,,,,,
00ASGJ,E05000326,Brunel,Hillingdon,325,2.8,,,,,,,,,,,,,,,,,,,,,,,,,,,,,,,,,,,,,,,,
00ASGK,E05000327,Cavendish,Hillingdon,372,2.1,,,,,,,,,,,,,,,,,,,,,,,,,,,,,,,,,,,,,,,,
00ASGL,E05000328,Charville,Hillingdon,345,2.2,,,,,,,,,,,,,,,,,,,,,,,,,,,,,,,,,,,,,,,,
00ASGM,E05000329,Eastcote and East Ruislip,Hillingdon,358,2.0,,,,,,,,,,,,,,,,,,,,,,,,,,,,,,,,,,,,,,,,
00ASGN,E05000330,Harefield,Hillingdon,339,1.4,,,,,,,,,,,,,,,,,,,,,,,,,,,,,,,,,,,,,,,,
00ASGP,E05000331,Heathrow Villages,Hillingdon,330,2.6,,,,,,,,,,,,,,,,,,,,,,,,,,,,,,,,,,,,,,,,
00ASGQ,E05000332,Hillingdon East,Hillingdon,355,2.0,,,,,,,,,,,,,,,,,,,,,,,,,,,,,,,,,,,,,,,,
00ASGR,E05000333,Ickenham,Hillingdon,381,2.0,,,,,,,,,,,,,,,,,,,,,,,,,,,,,,,,,,,,,,,,
00ASGS,E05000334,Manor,Hillingdon,355,3.0,,,,,,,,,,,,,,,,,,,,,,,,,,,,,,,,,,,,,,,,
00ASGT,E05000335,Northwood,Hillingdon,389,2.2,,,,,,,,,,,,,,,,,,,,,,,,,,,,,,,,,,,,,,,,
00ASGU,E05000336,Northwood Hills,Hillingdon,364,2.2,,,,,,,,,,,,,,,,,,,,,,,,,,,,,,,,,,,,,,,,
00ASGW,E05000337,Pinkwell,Hillingdon,332,2.5,,,,,,,,,,,,,,,,,,,,,,,,,,,,,,,,,,,,,,,,
00ASGX,E05000338,South Ruislip,Hillingdon,352,2.6,,,,,,,,,,,,,,,,,,,,,,,,,,,,,,,,,,,,,,,,
00ASGY,E05000339,Townfield,Hillingdon,336,2.9,,,,,,,,,,,,,,,,,,,,,,,,,,,,,,,,,,,,,,,,
00ASGZ,E05000340,Uxbridge North,Hillingdon,371,2.4,,,,,,,,,,,,,,,,,,,,,,,,,,,,,,,,,,,,,,,,
00ASHA,E05000341,Uxbridge South,Hillingdon,353,2.4,,,,,,,,,,,,,,,,,,,,,,,,,,,,,,,,,,,,,,,,
00ASHB,E05000342,West Drayton,Hillingdon,318,2.2,,,,,,,,,,,,,,,,,,,,,,,,,,,,,,,,,,,,,,,,
00ASHC,E05000343,West Ruislip,Hillingdon,362,2.4,,,,,,,,,,,,,,,,,,,,,,,,,,,,,,,,,,,,,,,,
00ASHD,E05000344,Yeading,Hillingdon,330,2.0,,,,,,,,,,,,,,,,,,,,,,,,,,,,,,,,,,,,,,,,
00ASHE,E05000345,Yiewsley,Hillingdon,319,2.4,,,,,,,,,,,,,,,,,,,,,,,,,,,,,,,,,,,,,,,,
00ATFY,E05000346,Bedfont,Hounslow,332,2.0,,,,,,,,,,,,,,,,,,,,,,,,,,,,,,,,,,,,,,,,
00ATFZ,E05000347,Brentford,Hounslow,354,3.2,,,,,,,,,,,,,,,,,,,,,,,,,,,,,,,,,,,,,,,,
00ATGA,E05000348,Chiswick Homefields,Hounslow,362,3.6,,,,,,,,,,,,,,,,,,,,,,,,,,,,,,,,,,,,,,,,
00ATGB,E05000349,Chiswick Riverside,Hounslow,376,2.9,,,,,,,,,,,,,,,,,,,,,,,,,,,,,,,,,,,,,,,,
00ATGC,E05000350,Cranford,Hounslow,353,2.4,,,,,,,,,,,,,,,,,,,,,,,,,,,,,,,,,,,,,,,,
00ATGD,E05000351,Feltham North,Hounslow,338,2.9,,,,,,,,,,,,,,,,,,,,,,,,,,,,,,,,,,,,,,,,
00ATGE,E05000352,Feltham West,Hounslow,331,2.2,,,,,,,,,,,,,,,,,,,,,,,,,,,,,,,,,,,,,,,,
00ATGF,E05000353,Hanworth,Hounslow,333,2.5,,,,,,,,,,,,,,,,,,,,,,,,,,,,,,,,,,,,,,,,
00ATGG,E05000354,Hanworth Park,Hounslow,335,2.4,,,,,,,,,,,,,,,,,,,,,,,,,,,,,,,,,,,,,,,,
00ATGH,E05000355,Heston Central,Hounslow,367,2.9,,,,,,,,,,,,,,,,,,,,,,,,,,,,,,,,,,,,,,,,
00ATGJ,E05000356,Heston East,Hounslow,351,2.3,,,,,,,,,,,,,,,,,,,,,,,,,,,,,,,,,,,,,,,,
00ATGK,E05000357,Heston West,Hounslow,352,2.2,,,,,,,,,,,,,,,,,,,,,,,,,,,,,,,,,,,,,,,,
00ATGL,E05000358,Hounslow Central,Hounslow,346,4.9,,,,,,,,,,,,,,,,,,,,,,,,,,,,,,,,,,,,,,,,
00ATGM,E05000359,Hounslow Heath,Hounslow,349,3.1,,,,,,,,,,,,,,,,,,,,,,,,,,,,,,,,,,,,,,,,
00ATGN,E05000360,Hounslow South,Hounslow,366,2.4,,,,,,,,,,,,,,,,,,,,,,,,,,,,,,,,,,,,,,,,
00ATGP,E05000361,Hounslow West,Hounslow,352,3.9,,,,,,,,,,,,,,,,,,,,,,,,,,,,,,,,,,,,,,,,
00ATGQ,E05000362,Isleworth,Hounslow,342,2.2,,,,,,,,,,,,,,,,,,,,,,,,,,,,,,,,,,,,,,,,
00ATGR,E05000363,Osterley and Spring Grove,Hounslow,380,2.9,,,,,,,,,,,,,,,,,,,,,,,,,,,,,,,,,,,,,,,,
00ATGS,E05000364,Syon,Hounslow,358,3.5,,,,,,,,,,,,,,,,,,,,,,,,,,,,,,,,,,,,,,,,
00ATGT,E05000365,Turnham Green,Hounslow,354,4.6,,,,,,,,,,,,,,,,,,,,,,,,,,,,,,,,,,,,,,,,
00AUFX,E05000366,Barnsbury,Islington,316,5.5,,,,,,,,,,,,,,,,,,,,,,,,,,,,,,,,,,,,,,,,
00AUFY,E05000367,Bunhill,Islington,317,6.5,,,,,,,,,,,,,,,,,,,,,,,,,,,,,,,,,,,,,,,,
00AUFZ,E05000368,Caledonian,Islington,319,5.3,,,,,,,,,,,,,,,,,,,,,,,,,,,,,,,,,,,,,,,,
00AUGA,E05000369,Canonbury,Islington,296,6.1,,,,,,,,,,,,,,,,,,,,,,,,,,,,,,,,,,,,,,,,
00AUGB,E05000370,Clerkenwell,Islington,334,6.4,,,,,,,,,,,,,,,,,,,,,,,,,,,,,,,,,,,,,,,,
00AUGC,E05000371,Finsbury Park,Islington,344,6.1,,,,,,,,,,,,,,,,,,,,,,,,,,,,,,,,,,,,,,,,
00AUGD,E05000372,Highbury East,Islington,344,4.8,,,,,,,,,,,,,,,,,,,,,,,,,,,,,,,,,,,,,,,,
00AUGE,E05000373,Highbury West,Islington,328,6.0,,,,,,,,,,,,,,,,,,,,,,,,,,,,,,,,,,,,,,,,
00AUGF,E05000374,Hillrise,Islington,338,4.2,,,,,,,,,,,,,,,,,,,,,,,,,,,,,,,,,,,,,,,,
00AUGG,E05000375,Holloway,Islington,315,5.8,,,,,,,,,,,,,,,,,,,,,,,,,,,,,,,,,,,,,,,,
00AUGH,E05000376,Junction,Islington,321,5.7,,,,,,,,,,,,,,,,,,,,,,,,,,,,,,,,,,,,,,,,
00AUGJ,E05000377,Mildmay,Islington,334,5.8,,,,,,,,,,,,,,,,,,,,,,,,,,,,,,,,,,,,,,,,
00AUGK,E05000378,St George's,Islington,340,4.5,,,,,,,,,,,,,,,,,,,,,,,,,,,,,,,,,,,,,,,,
00AUGL,E05000379,St Mary's,Islington,312,6.7,,,,,,,,,,,,,,,,,,,,,,,,,,,,,,,,,,,,,,,,
00AUGM,E05000380,St Peter's,Islington,326,5.2,,,,,,,,,,,,,,,,,,,,,,,,,,,,,,,,,,,,,,,,
00AUGN,E05000381,Tollington,Islington,346,4.0,,,,,,,,,,,,,,,,,,,,,,,,,,,,,,,,,,,,,,,,
00AWFY,E05000382,Abingdon,R B of Kensington and Chelsea,376,6.5,,,,,,,,,,,,,,,,,,,,,,,,,,,,,,,,,,,,,,,,
00AWFZ,E05000383,Brompton,R B of Kensington and Chelsea,395,7.0,,,,,,,,,,,,,,,,,,,,,,,,,,,,,,,,,,,,,,,,
00AWGA,E05000384,Campden,R B of Kensington and Chelsea,373,6.8,,,,,,,,,,,,,,,,,,,,,,,,,,,,,,,,,,,,,,,,
00AWGB,E05000385,Colville,R B of Kensington and Chelsea,370,5.5,,,,,,,,,,,,,,,,,,,,,,,,,,,,,,,,,,,,,,,,
00AWGC,E05000386,Courtfield,R B of Kensington and Chelsea,328,6.9,,,,,,,,,,,,,,,,,,,,,,,,,,,,,,,,,,,,,,,,
00AWGD,E05000387,Cremorne,R B of Kensington and Chelsea,361,4.2,,,,,,,,,,,,,,,,,,,,,,,,,,,,,,,,,,,,,,,,
00AWGE,E05000388,Earl's Court,R B of Kensington and Chelsea,364,7.0,,,,,,,,,,,,,,,,,,,,,,,,,,,,,,,,,,,,,,,,
00AWGF,E05000389,Golborne,R B of Kensington and Chelsea,333,4.3,,,,,,,,,,,,,,,,,,,,,,,,,,,,,,,,,,,,,,,,
00AWGG,E05000390,Hans Town,R B of Kensington and Chelsea,354,6.8,,,,,,,,,,,,,,,,,,,,,,,,,,,,,,,,,,,,,,,,
00AWGH,E05000391,Holland,R B of Kensington and Chelsea,390,5.7,,,,,,,,,,,,,,,,,,,,,,,,,,,,,,,,,,,,,,,,
00AWGJ,E05000392,Norland,R B of Kensington and Chelsea,364,5.6,,,,,,,,,,,,,,,,,,,,,,,,,,,,,,,,,,,,,,,,
00AWGK,E05000393,Notting Barns,R B of Kensington and Chelsea,376,4.0,,,,,,,,,,,,,,,,,,,,,,,,,,,,,,,,,,,,,,,,
00AWGL,E05000394,Pembridge,R B of Kensington and Chelsea,376,7.1,,,,,,,,,,,,,,,,,,,,,,,,,,,,,,,,,,,,,,,,
00AWGM,E05000395,Queen's Gate,R B of Kensington and Chelsea,245,6.1,,,,,,,,,,,,,,,,,,,,,,,,,,,,,,,,,,,,,,,,
00AWGN,E05000396,Redcliffe,R B of Kensington and Chelsea,379,6.1,,,,,,,,,,,,,,,,,,,,,,,,,,,,,,,,,,,,,,,,
00AWGP,E05000397,Royal Hospital,R B of Kensington and Chelsea,343,4.4,,,,,,,,,,,,,,,,,,,,,,,,,,,,,,,,,,,,,,,,
00AWGQ,E05000398,St Charles,R B of Kensington and Chelsea,346,3.7,,,,,,,,,,,,,,,,,,,,,,,,,,,,,,,,,,,,,,,,
00AWGR,E05000399,Stanley,R B of Kensington and Chelsea,349,5.5,,,,,,,,,,,,,,,,,,,,,,,,,,,,,,,,,,,,,,,,
00AXFX,E05000400,Alexandra,R B of Kingston upon Thames,370,2.1,,,,,,,,,,,,,,,,,,,,,,,,,,,,,,,,,,,,,,,,
00AXFY,E05000401,Berrylands,R B of Kingston upon Thames,357,2.5,,,,,,,,,,,,,,,,,,,,,,,,,,,,,,,,,,,,,,,,
00AXFZ,E05000402,Beverley,R B of Kingston upon Thames,364,2.6,,,,,,,,,,,,,,,,,,,,,,,,,,,,,,,,,,,,,,,,
00AXGA,E05000403,Canbury,R B of Kingston upon Thames,363,3.8,,,,,,,,,,,,,,,,,,,,,,,,,,,,,,,,,,,,,,,,
00AXGB,E05000404,Chessington North and Hook,R B of Kingston upon Thames,342,2.3,,,,,,,,,,,,,,,,,,,,,,,,,,,,,,,,,,,,,,,,
00AXGC,E05000405,Chessington South,R B of Kingston upon Thames,343,2.2,,,,,,,,,,,,,,,,,,,,,,,,,,,,,,,,,,,,,,,,
00AXGD,E05000406,Coombe Hill,R B of Kingston upon Thames,358,2.4,,,,,,,,,,,,,,,,,,,,,,,,,,,,,,,,,,,,,,,,
00AXGE,E05000407,Coombe Vale,R B of Kingston upon Thames,384,2.3,,,,,,,,,,,,,,,,,,,,,,,,,,,,,,,,,,,,,,,,
00AXGF,E05000408,Grove,R B of Kingston upon Thames,341,4.2,,,,,,,,,,,,,,,,,,,,,,,,,,,,,,,,,,,,,,,,
00AXGG,E05000409,Norbiton,R B of Kingston upon Thames,338,3.4,,,,,,,,,,,,,,,,,,,,,,,,,,,,,,,,,,,,,,,,
00AXGH,E05000410,Old Malden,R B of Kingston upon Thames,365,2.4,,,,,,,,,,,,,,,,,,,,,,,,,,,,,,,,,,,,,,,,
00AXGJ,E05000411,St James,R B of Kingston upon Thames,364,2.6,,,,,,,,,,,,,,,,,,,,,,,,,,,,,,,,,,,,,,,,
00AXGK,E05000412,St Mark's,R B of Kingston upon Thames,386,3.7,,,,,,,,,,,,,,,,,,,,,,,,,,,,,,,,,,,,,,,,
00AXGL,E05000413,Surbiton Hill,R B of Kingston upon Thames,342,3.1,,,,,,,,,,,,,,,,,,,,,,,,,,,,,,,,,,,,,,,,
00AXGM,E05000414,Tolworth and Hook Rise,R B of Kingston upon Thames,354,2.2,,,,,,,,,,,,,,,,,,,,,,,,,,,,,,,,,,,,,,,,
00AXGN,E05000415,Tudor,R B of Kingston upon Thames,391,2.3,,,,,,,,,,,,,,,,,,,,,,,,,,,,,,,,,,,,,,,,
00AYFZ,E05000416,Bishop's,Lambeth,339,7.4,,,,,,,,,,,,,,,,,,,,,,,,,,,,,,,,,,,,,,,,
00AYGA,E05000417,Brixton Hill,Lambeth,324,4.9,,,,,,,,,,,,,,,,,,,,,,,,,,,,,,,,,,,,,,,,
00AYGB,E05000418,Clapham Common,Lambeth,351,4.3,,,,,,,,,,,,,,,,,,,,,,,,,,,,,,,,,,,,,,,,
00AYGC,E05000419,Clapham Town,Lambeth,346,5.2,,,,,,,,,,,,,,,,,,,,,,,,,,,,,,,,,,,,,,,,
00AYGD,E05000420,Coldharbour,Lambeth,341,5.3,,,,,,,,,,,,,,,,,,,,,,,,,,,,,,,,,,,,,,,,
00AYGE,E05000421,Ferndale,Lambeth,328,6.3,,,,,,,,,,,,,,,,,,,,,,,,,,,,,,,,,,,,,,,,
00AYGF,E05000422,Gipsy Hill,Lambeth,340,3.6,,,,,,,,,,,,,,,,,,,,,,,,,,,,,,,,,,,,,,,,
00AYGG,E05000423,Herne Hill,Lambeth,336,4.2,,,,,,,,,,,,,,,,,,,,,,,,,,,,,,,,,,,,,,,,
00AYGH,E05000424,Knight's Hill,Lambeth,354,3.9,,,,,,,,,,,,,,,,,,,,,,,,,,,,,,,,,,,,,,,,
00AYGJ,E05000425,Larkhall,Lambeth,342,5.4,,,,,,,,,,,,,,,,,,,,,,,,,,,,,,,,,,,,,,,,
00AYGK,E05000426,Oval,Lambeth,338,6.5,,,,,,,,,,,,,,,,,,,,,,,,,,,,,,,,,,,,,,,,
00AYGL,E05000427,Prince's,Lambeth,331,6.0,,,,,,,,,,,,,,,,,,,,,,,,,,,,,,,,,,,,,,,,
00AYGM,E05000428,St Leonard's,Lambeth,360,5.6,,,,,,,,,,,,,,,,,,,,,,,,,,,,,,,,,,,,,,,,
00AYGN,E05000429,Stockwell,Lambeth,333,5.6,,,,,,,,,,,,,,,,,,,,,,,,,,,,,,,,,,,,,,,,
00AYGP,E05000430,Streatham Hill,Lambeth,353,5.0,,,,,,,,,,,,,,,,,,,,,,,,,,,,,,,,,,,,,,,,
00AYGQ,E05000431,Streatham South,Lambeth,339,3.6,,,,,,,,,,,,,,,,,,,,,,,,,,,,,,,,,,,,,,,,
00AYGR,E05000432,Streatham Wells,Lambeth,340,4.3,,,,,,,,,,,,,,,,,,,,,,,,,,,,,,,,,,,,,,,,
00AYGS,E05000433,Thornton,Lambeth,364,3.2,,,,,,,,,,,,,,,,,,,,,,,,,,,,,,,,,,,,,,,,
00AYGT,E05000434,Thurlow Park,Lambeth,347,4.8,,,,,,,,,,,,,,,,,,,,,,,,,,,,,,,,,,,,,,,,
00AYGU,E05000435,Tulse Hill,Lambeth,338,4.4,,,,,,,,,,,,,,,,,,,,,,,,,,,,,,,,,,,,,,,,
00AYGW,E05000436,Vassall,Lambeth,329,4.5,,,,,,,,,,,,,,,,,,,,,,,,,,,,,,,,,,,,,,,,
00AZGD,E05000437,Bellingham,Lewisham,301,2.9,,,,,,,,,,,,,,,,,,,,,,,,,,,,,,,,,,,,,,,,
00AZGE,E05000438,Blackheath,Lewisham,346,4.8,,,,,,,,,,,,,,,,,,,,,,,,,,,,,,,,,,,,,,,,
00AZGF,E05000439,Brockley,Lewisham,315,5.3,,,,,,,,,,,,,,,,,,,,,,,,,,,,,,,,,,,,,,,,
00AZGG,E05000440,Catford South,Lewisham,338,3.2,,,,,,,,,,,,,,,,,,,,,,,,,,,,,,,,,,,,,,,,
00AZGH,E05000441,Crofton Park,Lewisham,335,3.8,,,,,,,,,,,,,,,,,,,,,,,,,,,,,,,,,,,,,,,,
00AZGJ,E05000442,Downham,Lewisham,314,3.1,,,,,,,,,,,,,,,,,,,,,,,,,,,,,,,,,,,,,,,,
00AZGK,E05000443,Evelyn,Lewisham,313,3.1,,,,,,,,,,,,,,,,,,,,,,,,,,,,,,,,,,,,,,,,
00AZGL,E05000444,Forest Hill,Lewisham,325,3.6,,,,,,,,,,,,,,,,,,,,,,,,,,,,,,,,,,,,,,,,
00AZGM,E05000445,Grove Park,Lewisham,325,3.1,,,,,,,,,,,,,,,,,,,,,,,,,,,,,,,,,,,,,,,,
00AZGN,E05000446,Ladywell,Lewisham,341,4.2,,,,,,,,,,,,,,,,,,,,,,,,,,,,,,,,,,,,,,,,
00AZGP,E05000447,Lee Green,Lewisham,342,3.3,,,,,,,,,,,,,,,,,,,,,,,,,,,,,,,,,,,,,,,,
00AZGQ,E05000448,Lewisham Central,Lewisham,331,4.9,,,,,,,,,,,,,,,,,,,,,,,,,,,,,,,,,,,,,,,,
00AZGR,E05000449,New Cross,Lewisham,309,4.3,,,,,,,,,,,,,,,,,,,,,,,,,,,,,,,,,,,,,,,,
00AZGS,E05000450,Perry Vale,Lewisham,316,3.3,,,,,,,,,,,,,,,,,,,,,,,,,,,,,,,,,,,,,,,,
00AZGT,E05000451,Rushey Green,Lewisham,308,4.9,,,,,,,,,,,,,,,,,,,,,,,,,,,,,,,,,,,,,,,,
00AZGU,E05000452,Sydenham,Lewisham,316,3.9,,,,,,,,,,,,,,,,,,,,,,,,,,,,,,,,,,,,,,,,
00AZGW,E05000453,Telegraph Hill,Lewisham,314,4.5,,,,,,,,,,,,,,,,,,,,,,,,,,,,,,,,,,,,,,,,
00AZGX,E05000454,Whitefoot,Lewisham,319,2.7,,,,,,,,,,,,,,,,,,,,,,,,,,,,,,,,,,,,,,,,
00BAFX,E05000455,Abbey,Merton,353,5.1,,,,,,,,,,,,,,,,,,,,,,,,,,,,,,,,,,,,,,,,
00BAFY,E05000456,Cannon Hill,Merton,376,2.6,,,,,,,,,,,,,,,,,,,,,,,,,,,,,,,,,,,,,,,,
00BAFZ,E05000457,Colliers Wood,Merton,345,4.1,,,,,,,,,,,,,,,,,,,,,,,,,,,,,,,,,,,,,,,,
00BAGA,E05000458,Cricket Green,Merton,330,3.2,,,,,,,,,,,,,,,,,,,,,,,,,,,,,,,,,,,,,,,,
00BAGB,E05000459,Dundonald,Merton,396,4.5,,,,,,,,,,,,,,,,,,,,,,,,,,,,,,,,,,,,,,,,
00BAGC,E05000460,Figge's Marsh,Merton,342,3.7,,,,,,,,,,,,,,,,,,,,,,,,,,,,,,,,,,,,,,,,
00BAGD,E05000461,Graveney,Merton,365,3.4,,,,,,,,,,,,,,,,,,,,,,,,,,,,,,,,,,,,,,,,
00BAGE,E05000462,Hillside,Merton,391,5.0,,,,,,,,,,,,,,,,,,,,,,,,,,,,,,,,,,,,,,,,
00BAGF,E05000463,Lavender Fields,Merton,342,2.6,,,,,,,,,,,,,,,,,,,,,,,,,,,,,,,,,,,,,,,,
00BAGG,E05000464,Longthornton,Merton,356,2.8,,,,,,,,,,,,,,,,,,,,,,,,,,,,,,,,,,,,,,,,
00BAGH,E05000465,Lower Morden,Merton,369,2.2,,,,,,,,,,,,,,,,,,,,,,,,,,,,,,,,,,,,,,,,
00BAGJ,E05000466,Merton Park,Merton,373,3.9,,,,,,,,,,,,,,,,,,,,,,,,,,,,,,,,,,,,,,,,
00BAGK,E05000467,Pollards Hill,Merton,345,2.7,,,,,,,,,,,,,,,,,,,,,,,,,,,,,,,,,,,,,,,,
00BAGL,E05000468,Ravensbury,Merton,339,3.2,,,,,,,,,,,,,,,,,,,,,,,,,,,,,,,,,,,,,,,,
00BAGM,E05000469,Raynes Park,Merton,374,3.4,,,,,,,,,,,,,,,,,,,,,,,,,,,,,,,,,,,,,,,,
00BAGN,E05000470,St Helier,Merton,341,3.0,,,,,,,,,,,,,,,,,,,,,,,,,,,,,,,,,,,,,,,,
00BAGP,E05000471,Trinity,Merton,340,3.8,,,,,,,,,,,,,,,,,,,,,,,,,,,,,,,,,,,,,,,,
00BAGQ,E05000472,Village,Merton,409,2.3,,,,,,,,,,,,,,,,,,,,,,,,,,,,,,,,,,,,,,,,
00BAGR,E05000473,West Barnes,Merton,375,2.6,,,,,,,,,,,,,,,,,,,,,,,,,,,,,,,,,,,,,,,,
00BAGS,E05000474,Wimbledon Park,Merton,378,3.2,,,,,,,,,,,,,,,,,,,,,,,,,,,,,,,,,,,,,,,,
00BBGB,E05000475,Beckton,Newham,333,2.8,,,,,,,,,,,,,,,,,,,,,,,,,,,,,,,,,,,,,,,,
00BBGC,E05000476,Boleyn,Newham,345,4.2,,,,,,,,,,,,,,,,,,,,,,,,,,,,,,,,,,,,,,,,
00BBGD,E05000477,Canning Town North,Newham,332,4.4,,,,,,,,,,,,,,,,,,,,,,,,,,,,,,,,,,,,,,,,
00BBGE,E05000478,Canning Town South,Newham,319,3.6,,,,,,,,,,,,,,,,,,,,,,,,,,,,,,,,,,,,,,,,
00BBGF,E05000479,Custom House,Newham,314,2.9,,,,,,,,,,,,,,,,,,,,,,,,,,,,,,,,,,,,,,,,
00BBGG,E05000480,East Ham Central,Newham,333,4.7,,,,,,,,,,,,,,,,,,,,,,,,,,,,,,,,,,,,,,,,
00BBGH,E05000481,East Ham North,Newham,349,4.4,,,,,,,,,,,,,,,,,,,,,,,,,,,,,,,,,,,,,,,,
00BBGJ,E05000482,East Ham South,Newham,332,2.6,,,,,,,,,,,,,,,,,,,,,,,,,,,,,,,,,,,,,,,,
00BBGK,E05000483,Forest Gate North,Newham,324,3.1,,,,,,,,,,,,,,,,,,,,,,,,,,,,,,,,,,,,,,,,
00BBGL,E05000484,Forest Gate South,Newham,330,3.8,,,,,,,,,,,,,,,,,,,,,,,,,,,,,,,,,,,,,,,,
00BBGM,E05000485,Green Street East,Newham,327,3.8,,,,,,,,,,,,,,,,,,,,,,,,,,,,,,,,,,,,,,,,
00BBGN,E05000486,Green Street West,Newham,318,4.0,,,,,,,,,,,,,,,,,,,,,,,,,,,,,,,,,,,,,,,,
00BBGP,E05000487,Little Ilford,Newham,339,2.7,,,,,,,,,,,,,,,,,,,,,,,,,,,,,,,,,,,,,,,,
00BBGQ,E05000488,Manor Park,Newham,331,3.9,,,,,,,,,,,,,,,,,,,,,,,,,,,,,,,,,,,,,,,,
00BBGR,E05000489,Plaistow North,Newham,329,4.2,,,,,,,,,,,,,,,,,,,,,,,,,,,,,,,,,,,,,,,,
00BBGS,E05000490,Plaistow South,Newham,338,4.4,,,,,,,,,,,,,,,,,,,,,,,,,,,,,,,,,,,,,,,,
00BBGT,E05000491,Royal Docks,Newham,329,2.5,,,,,,,,,,,,,,,,,,,,,,,,,,,,,,,,,,,,,,,,
00BBGU,E05000492,Stratford and New Town,Newham,325,5.4,,,,,,,,,,,,,,,,,,,,,,,,,,,,,,,,,,,,,,,,
00BBGW,E05000493,Wall End,Newham,328,3.7,,,,,,,,,,,,,,,,,,,,,,,,,,,,,,,,,,,,,,,,
00BBGX,E05000494,West Ham,Newham,322,4.7,,,,,,,,,,,,,,,,,,,,,,,,,,,,,,,,,,,,,,,,
00BCFY,E05000495,Aldborough,Redbridge,350,2.6,,,,,,,,,,,,,,,,,,,,,,,,,,,,,,,,,,,,,,,,
00BCFZ,E05000496,Barkingside,Redbridge,376,3.3,,,,,,,,,,,,,,,,,,,,,,,,,,,,,,,,,,,,,,,,
00BCGA,E05000497,Bridge,Redbridge,328,2.2,,,,,,,,,,,,,,,,,,,,,,,,,,,,,,,,,,,,,,,,
00BCGB,E05000498,Chadwell,Redbridge,348,2.5,,,,,,,,,,,,,,,,,,,,,,,,,,,,,,,,,,,,,,,,
00BCGC,E05000499,Church End,Redbridge,365,2.8,,,,,,,,,,,,,,,,,,,,,,,,,,,,,,,,,,,,,,,,
00BCGD,E05000500,Clayhall,Redbridge,381,2.3,,,,,,,,,,,,,,,,,,,,,,,,,,,,,,,,,,,,,,,,
00BCGE,E05000501,Clementswood,Redbridge,337,3.4,,,,,,,,,,,,,,,,,,,,,,,,,,,,,,,,,,,,,,,,
00BCGF,E05000502,Cranbrook,Redbridge,353,3.8,,,,,,,,,,,,,,,,,,,,,,,,,,,,,,,,,,,,,,,,
00BCGG,E05000503,Fairlop,Redbridge,341,2.9,,,,,,,,,,,,,,,,,,,,,,,,,,,,,,,,,,,,,,,,
00BCGH,E05000504,Fullwell,Redbridge,346,2.3,,,,,,,,,,,,,,,,,,,,,,,,,,,,,,,,,,,,,,,,
00BCGJ,E05000505,Goodmayes,Redbridge,332,3.6,,,,,,,,,,,,,,,,,,,,,,,,,,,,,,,,,,,,,,,,
00BCGK,E05000506,Hainault,Redbridge,317,2.5,,,,,,,,,,,,,,,,,,,,,,,,,,,,,,,,,,,,,,,,
00BCGL,E05000507,Loxford,Redbridge,333,3.4,,,,,,,,,,,,,,,,,,,,,,,,,,,,,,,,,,,,,,,,
00BCGM,E05000508,Mayfield,Redbridge,332,2.7,,,,,,,,,,,,,,,,,,,,,,,,,,,,,,,,,,,,,,,,
00BCGN,E05000509,Monkhams,Redbridge,377,2.6,,,,,,,,,,,,,,,,,,,,,,,,,,,,,,,,,,,,,,,,
00BCGP,E05000510,Newbury,Redbridge,365,3.2,,,,,,,,,,,,,,,,,,,,,,,,,,,,,,,,,,,,,,,,
00BCGQ,E05000511,Roding,Redbridge,343,2.4,,,,,,,,,,,,,,,,,,,,,,,,,,,,,,,,,,,,,,,,
00BCGR,E05000512,Seven Kings,Redbridge,349,3.1,,,,,,,,,,,,,,,,,,,,,,,,,,,,,,,,,,,,,,,,
00BCGS,E05000513,Snaresbrook,Redbridge,343,3.7,,,,,,,,,,,,,,,,,,,,,,,,,,,,,,,,,,,,,,,,
00BCGT,E05000514,Valentines,Redbridge,360,4.4,,,,,,,,,,,,,,,,,,,,,,,,,,,,,,,,,,,,,,,,
00BCGU,E05000515,Wanstead,Redbridge,359,2.5,,,,,,,,,,,,,,,,,,,,,,,,,,,,,,,,,,,,,,,,
00BDFW,E05000516,Barnes,Richmond upon Thames,335,3.2,,,,,,,,,,,,,,,,,,,,,,,,,,,,,,,,,,,,,,,,
00BDFX,E05000517,East Sheen,Richmond upon Thames,374,2.5,,,,,,,,,,,,,,,,,,,,,,,,,,,,,,,,,,,,,,,,
00BDFY,E05000518,Fulwell and Hampton Hill,Richmond upon Thames,380,3.0,,,,,,,,,,,,,,,,,,,,,,,,,,,,,,,,,,,,,,,,
00BDFZ,E05000519,"Ham, Petersham and Richmond Riverside",Richmond upon Thames,337,2.1,,,,,,,,,,,,,,,,,,,,,,,,,,,,,,,,,,,,,,,,
00BDGA,E05000520,Hampton,Richmond upon Thames,379,2.6,,,,,,,,,,,,,,,,,,,,,,,,,,,,,,,,,,,,,,,,
00BDGB,E05000521,Hampton North,Richmond upon Thames,326,2.2,,,,,,,,,,,,,,,,,,,,,,,,,,,,,,,,,,,,,,,,
00BDGC,E05000522,Hampton Wick,Richmond upon Thames,366,2.5,,,,,,,,,,,,,,,,,,,,,,,,,,,,,,,,,,,,,,,,
00BDGD,E05000523,Heathfield,Richmond upon Thames,344,2.0,,,,,,,,,,,,,,,,,,,,,,,,,,,,,,,,,,,,,,,,
00BDGE,E05000524,Kew,Richmond upon Thames,365,3.1,,,,,,,,,,,,,,,,,,,,,,,,,,,,,,,,,,,,,,,,
00BDGF,E05000525,Mortlake and Barnes Common,Richmond upon Thames,350,3.1,,,,,,,,,,,,,,,,,,,,,,,,,,,,,,,,,,,,,,,,
00BDGG,E05000526,North Richmond,Richmond upon Thames,351,4.4,,,,,,,,,,,,,,,,,,,,,,,,,,,,,,,,,,,,,,,,
00BDGH,E05000527,St Margarets and North Twickenham,Richmond upon Thames,377,3.0,,,,,,,,,,,,,,,,,,,,,,,,,,,,,,,,,,,,,,,,
00BDGJ,E05000528,South Richmond,Richmond upon Thames,348,4.1,,,,,,,,,,,,,,,,,,,,,,,,,,,,,,,,,,,,,,,,
00BDGK,E05000529,South Twickenham,Richmond upon Thames,386,3.4,,,,,,,,,,,,,,,,,,,,,,,,,,,,,,,,,,,,,,,,
00BDGL,E05000530,Teddington,Richmond upon Thames,384,3.0,,,,,,,,,,,,,,,,,,,,,,,,,,,,,,,,,,,,,,,,
00BDGM,E05000531,Twickenham Riverside,Richmond upon Thames,379,4.2,,,,,,,,,,,,,,,,,,,,,,,,,,,,,,,,,,,,,,,,
00BDGN,E05000532,West Twickenham,Richmond upon Thames,351,2.7,,,,,,,,,,,,,,,,,,,,,,,,,,,,,,,,,,,,,,,,
00BDGP,E05000533,Whitton,Richmond upon Thames,372,2.4,,,,,,,,,,,,,,,,,,,,,,,,,,,,,,,,,,,,,,,,
00BEGC,E05000534,Brunswick Park,Southwark,345,4.0,,,,,,,,,,,,,,,,,,,,,,,,,,,,,,,,,,,,,,,,
00BEGD,E05000535,Camberwell Green,Southwark,343,5.6,,,,,,,,,,,,,,,,,,,,,,,,,,,,,,,,,,,,,,,,
00BEGE,E05000536,Cathedrals,Southwark,340,7.7,,,,,,,,,,,,,,,,,,,,,,,,,,,,,,,,,,,,,,,,
00BEGF,E05000537,Chaucer,Southwark,349,6.5,,,,,,,,,,,,,,,,,,,,,,,,,,,,,,,,,,,,,,,,
00BEGG,E05000538,College,Southwark,329,3.2,,,,,,,,,,,,,,,,,,,,,,,,,,,,,,,,,,,,,,,,
00BEGH,E05000539,East Dulwich,Southwark,343,4.1,,,,,,,,,,,,,,,,,,,,,,,,,,,,,,,,,,,,,,,,
00BEGJ,E05000540,East Walworth,Southwark,317,5.6,,,,,,,,,,,,,,,,,,,,,,,,,,,,,,,,,,,,,,,,
00BEGK,E05000541,Faraday,Southwark,334,4.4,,,,,,,,,,,,,,,,,,,,,,,,,,,,,,,,,,,,,,,,
00BEGL,E05000542,Grange,Southwark,333,4.8,,,,,,,,,,,,,,,,,,,,,,,,,,,,,,,,,,,,,,,,
00BEGM,E05000543,Livesey,Southwark,331,4.2,,,,,,,,,,,,,,,,,,,,,,,,,,,,,,,,,,,,,,,,
00BEGN,E05000544,Newington,Southwark,343,5.9,,,,,,,,,,,,,,,,,,,,,,,,,,,,,,,,,,,,,,,,
00BEGP,E05000545,Nunhead,Southwark,346,4.4,,,,,,,,,,,,,,,,,,,,,,,,,,,,,,,,,,,,,,,,
00BEGQ,E05000546,Peckham,Southwark,339,4.1,,,,,,,,,,,,,,,,,,,,,,,,,,,,,,,,,,,,,,,,
00BEGR,E05000547,Peckham Rye,Southwark,358,3.4,,,,,,,,,,,,,,,,,,,,,,,,,,,,,,,,,,,,,,,,
00BEGS,E05000548,Riverside,Southwark,342,4.6,,,,,,,,,,,,,,,,,,,,,,,,,,,,,,,,,,,,,,,,
00BEGT,E05000549,Rotherhithe,Southwark,326,4.8,,,,,,,,,,,,,,,,,,,,,,,,,,,,,,,,,,,,,,,,
00BEGU,E05000550,South Bermondsey,Southwark,336,3.6,,,,,,,,,,,,,,,,,,,,,,,,,,,,,,,,,,,,,,,,
00BEGW,E05000551,South Camberwell,Southwark,341,4.3,,,,,,,,,,,,,,,,,,,,,,,,,,,,,,,,,,,,,,,,
00BEGX,E05000552,Surrey Docks,Southwark,294,2.7,,,,,,,,,,,,,,,,,,,,,,,,,,,,,,,,,,,,,,,,
00BEGY,E05000553,The Lane,Southwark,331,5.6,,,,,,,,,,,,,,,,,,,,,,,,,,,,,,,,,,,,,,,,
00BEGZ,E05000554,Village,Southwark,376,3.7,,,,,,,,,,,,,,,,,,,,,,,,,,,,,,,,,,,,,,,,
00BFGC,E05000555,Beddington North,Sutton,359,2.6,,,,,,,,,,,,,,,,,,,,,,,,,,,,,,,,,,,,,,,,
00BFGD,E05000556,Beddington South,Sutton,349,2.0,,,,,,,,,,,,,,,,,,,,,,,,,,,,,,,,,,,,,,,,
00BFGE,E05000557,Belmont,Sutton,381,2.1,,,,,,,,,,,,,,,,,,,,,,,,,,,,,,,,,,,,,,,,
00BFGF,E05000558,Carshalton Central,Sutton,371,3.1,,,,,,,,,,,,,,,,,,,,,,,,,,,,,,,,,,,,,,,,
00BFGG,E05000559,Carshalton South and Clockhouse,Sutton,370,2.0,,,,,,,,,,,,,,,,,,,,,,,,,,,,,,,,,,,,,,,,
00BFGH,E05000560,Cheam,Sutton,382,2.0,,,,,,,,,,,,,,,,,,,,,,,,,,,,,,,,,,,,,,,,
00BFGJ,E05000561,Nonsuch,Sutton,380,2.2,,,,,,,,,,,,,,,,,,,,,,,,,,,,,,,,,,,,,,,,
00BFGK,E05000562,St Helier,Sutton,326,2.9,,,,,,,,,,,,,,,,,,,,,,,,,,,,,,,,,,,,,,,,
00BFGL,E05000563,Stonecot,Sutton,366,2.4,,,,,,,,,,,,,,,,,,,,,,,,,,,,,,,,,,,,,,,,
00BFGM,E05000564,Sutton Central,Sutton,354,4.2,,,,,,,,,,,,,,,,,,,,,,,,,,,,,,,,,,,,,,,,
00BFGN,E05000565,Sutton North,Sutton,358,3.1,,,,,,,,,,,,,,,,,,,,,,,,,,,,,,,,,,,,,,,,
00BFGP,E05000566,Sutton South,Sutton,378,3.3,,,,,,,,,,,,,,,,,,,,,,,,,,,,,,,,,,,,,,,,
00BFGQ,E05000567,Sutton West,Sutton,375,3.4,,,,,,,,,,,,,,,,,,,,,,,,,,,,,,,,,,,,,,,,
00BFGR,E05000568,The Wrythe,Sutton,348,2.5,,,,,,,,,,,,,,,,,,,,,,,,,,,,,,,,,,,,,,,,
00BFGS,E05000569,Wallington North,Sutton,373,3.3,,,,,,,,,,,,,,,,,,,,,,,,,,,,,,,,,,,,,,,,
00BFGT,E05000570,Wallington South,Sutton,382,3.2,,,,,,,,,,,,,,,,,,,,,,,,,,,,,,,,,,,,,,,,
00BFGU,E05000571,Wandle Valley,Sutton,340,2.2,,,,,,,,,,,,,,,,,,,,,,,,,,,,,,,,,,,,,,,,
00BFGW,E05000572,Worcester Park,Sutton,375,2.3,,,,,,,,,,,,,,,,,,,,,,,,,,,,,,,,,,,,,,,,
00BGFW,E05000573,Bethnal Green North,Tower Hamlets,336,6.0,,,,,,,,,,,,,,,,,,,,,,,,,,,,,,,,,,,,,,,,
00BGFX,E05000574,Bethnal Green South,Tower Hamlets,327,6.7,,,,,,,,,,,,,,,,,,,,,,,,,,,,,,,,,,,,,,,,
00BGFY,E05000575,Blackwall and Cubitt Town,Tower Hamlets,320,3.5,,,,,,,,,,,,,,,,,,,,,,,,,,,,,,,,,,,,,,,,
00BGFZ,E05000576,Bow East,Tower Hamlets,331,3.7,,,,,,,,,,,,,,,,,,,,,,,,,,,,,,,,,,,,,,,,
00BGGA,E05000577,Bow West,Tower Hamlets,335,5.4,,,,,,,,,,,,,,,,,,,,,,,,,,,,,,,,,,,,,,,,
00BGGB,E05000578,Bromley-by-Bow,Tower Hamlets,340,4.3,,,,,,,,,,,,,,,,,,,,,,,,,,,,,,,,,,,,,,,,
00BGGC,E05000579,East India and Lansbury,Tower Hamlets,325,3.4,,,,,,,,,,,,,,,,,,,,,,,,,,,,,,,,,,,,,,,,
00BGGD,E05000580,Limehouse,Tower Hamlets,324,4.5,,,,,,,,,,,,,,,,,,,,,,,,,,,,,,,,,,,,,,,,
00BGGE,E05000581,Mile End and Globe Town,Tower Hamlets,343,5.5,,,,,,,,,,,,,,,,,,,,,,,,,,,,,,,,,,,,,,,,
00BGGF,E05000582,Mile End East,Tower Hamlets,342,5.3,,,,,,,,,,,,,,,,,,,,,,,,,,,,,,,,,,,,,,,,
00BGGG,E05000583,Millwall,Tower Hamlets,334,3.4,,,,,,,,,,,,,,,,,,,,,,,,,,,,,,,,,,,,,,,,
00BGGH,E05000584,St Dunstan's and Stepney Green,Tower Hamlets,352,5.0,,,,,,,,,,,,,,,,,,,,,,,,,,,,,,,,,,,,,,,,
00BGGJ,E05000585,St Katharine's and Wapping,Tower Hamlets,350,3.8,,,,,,,,,,,,,,,,,,,,,,,,,,,,,,,,,,,,,,,,
00BGGK,E05000586,Shadwell,Tower Hamlets,343,5.1,,,,,,,,,,,,,,,,,,,,,,,,,,,,,,,,,,,,,,,,
00BGGL,E05000587,Spitalfields and Banglatown,Tower Hamlets,347,6.4,,,,,,,,,,,,,,,,,,,,,,,,,,,,,,,,,,,,,,,,
00BGGM,E05000588,Weavers,Tower Hamlets,338,5.1,,,,,,,,,,,,,,,,,,,,,,,,,,,,,,,,,,,,,,,,
00BGGN,E05000589,Whitechapel,Tower Hamlets,349,6.3,,,,,,,,,,,,,,,,,,,,,,,,,,,,,,,,,,,,,,,,
00BHFX,E05000590,Cann Hall,Waltham Forest,311,2.9,,,,,,,,,,,,,,,,,,,,,,,,,,,,,,,,,,,,,,,,
00BHFY,E05000591,Cathall,Waltham Forest,331,4.6,,,,,,,,,,,,,,,,,,,,,,,,,,,,,,,,,,,,,,,,
00BHFZ,E05000592,Chapel End,Waltham Forest,327,2.9,,,,,,,,,,,,,,,,,,,,,,,,,,,,,,,,,,,,,,,,
00BHGA,E05000593,Chingford Green,Waltham Forest,356,2.7,,,,,,,,,,,,,,,,,,,,,,,,,,,,,,,,,,,,,,,,
00BHGB,E05000594,Endlebury,Waltham Forest,335,2.3,,,,,,,,,,,,,,,,,,,,,,,,,,,,,,,,,,,,,,,,
00BHGC,E05000595,Forest,Waltham Forest,337,4.1,,,,,,,,,,,,,,,,,,,,,,,,,,,,,,,,,,,,,,,,
00BHGD,E05000596,Grove Green,Waltham Forest,331,4.2,,,,,,,,,,,,,,,,,,,,,,,,,,,,,,,,,,,,,,,,
00BHGE,E05000597,Hale End and Highams Park,Waltham Forest,350,2.4,,,,,,,,,,,,,,,,,,,,,,,,,,,,,,,,,,,,,,,,
00BHGF,E05000598,Hatch Lane,Waltham Forest,347,2.4,,,,,,,,,,,,,,,,,,,,,,,,,,,,,,,,,,,,,,,,
00BHGG,E05000599,High Street,Waltham Forest,340,4.2,,,,,,,,,,,,,,,,,,,,,,,,,,,,,,,,,,,,,,,,
00BHGH,E05000600,Higham Hill,Waltham Forest,320,2.6,,,,,,,,,,,,,,,,,,,,,,,,,,,,,,,,,,,,,,,,
00BHGJ,E05000601,Hoe Street,Waltham Forest,337,5.1,,,,,,,,,,,,,,,,,,,,,,,,,,,,,,,,,,,,,,,,
00BHGK,E05000602,Larkswood,Waltham Forest,351,2.8,,,,,,,,,,,,,,,,,,,,,,,,,,,,,,,,,,,,,,,,
00BHGL,E05000603,Lea Bridge,Waltham Forest,331,3.6,,,,,,,,,,,,,,,,,,,,,,,,,,,,,,,,,,,,,,,,
00BHGM,E05000604,Leyton,Waltham Forest,317,3.8,,,,,,,,,,,,,,,,,,,,,,,,,,,,,,,,,,,,,,,,
00BHGN,E05000605,Leytonstone,Waltham Forest,345,4.9,,,,,,,,,,,,,,,,,,,,,,,,,,,,,,,,,,,,,,,,
00BHGP,E05000606,Markhouse,Waltham Forest,336,4.0,,,,,,,,,,,,,,,,,,,,,,,,,,,,,,,,,,,,,,,,
00BHGQ,E05000607,Valley,Waltham Forest,337,2.4,,,,,,,,,,,,,,,,,,,,,,,,,,,,,,,,,,,,,,,,
00BHGR,E05000608,William Morris,Waltham Forest,343,3.3,,,,,,,,,,,,,,,,,,,,,,,,,,,,,,,,,,,,,,,,
00BHGS,E05000609,Wood Street,Waltham Forest,331,3.5,,,,,,,,,,,,,,,,,,,,,,,,,,,,,,,,,,,,,,,,
00BJFZ,E05000610,Balham,Wandsworth,358,4.6,,,,,,,,,,,,,,,,,,,,,,,,,,,,,,,,,,,,,,,,
00BJGA,E05000611,Bedford,Wandsworth,342,4.2,,,,,,,,,,,,,,,,,,,,,,,,,,,,,,,,,,,,,,,,
00BJGB,E05000612,Earlsfield,Wandsworth,344,3.6,,,,,,,,,,,,,,,,,,,,,,,,,,,,,,,,,,,,,,,,
00BJGC,E05000613,East Putney,Wandsworth,339,4.3,,,,,,,,,,,,,,,,,,,,,,,,,,,,,,,,,,,,,,,,
00BJGD,E05000614,Fairfield,Wandsworth,351,5.2,,,,,,,,,,,,,,,,,,,,,,,,,,,,,,,,,,,,,,,,
00BJGE,E05000615,Furzedown,Wandsworth,356,3.1,,,,,,,,,,,,,,,,,,,,,,,,,,,,,,,,,,,,,,,,
00BJGF,E05000616,Graveney,Wandsworth,335,5.2,,,,,,,,,,,,,,,,,,,,,,,,,,,,,,,,,,,,,,,,
00BJGG,E05000617,Latchmere,Wandsworth,339,5.3,,,,,,,,,,,,,,,,,,,,,,,,,,,,,,,,,,,,,,,,
00BJGH,E05000618,Nightingale,Wandsworth,355,5.3,,,,,,,,,,,,,,,,,,,,,,,,,,,,,,,,,,,,,,,,
00BJGJ,E05000619,Northcote,Wandsworth,356,4.9,,,,,,,,,,,,,,,,,,,,,,,,,,,,,,,,,,,,,,,,
00BJGK,E05000620,Queenstown,Wandsworth,323,4.3,,,,,,,,,,,,,,,,,,,,,,,,,,,,,,,,,,,,,,,,
00BJGL,E05000621,Roehampton,Wandsworth,336,2.9,,,,,,,,,,,,,,,,,,,,,,,,,,,,,,,,,,,,,,,,
00BJGM,E05000622,St Mary's Park,Wandsworth,343,3.5,,,,,,,,,,,,,,,,,,,,,,,,,,,,,,,,,,,,,,,,
00BJGN,E05000623,Shaftesbury,Wandsworth,336,5.0,,,,,,,,,,,,,,,,,,,,,,,,,,,,,,,,,,,,,,,,
00BJGP,E05000624,Southfields,Wandsworth,373,3.8,,,,,,,,,,,,,,,,,,,,,,,,,,,,,,,,,,,,,,,,
00BJGQ,E05000625,Thamesfield,Wandsworth,394,4.7,,,,,,,,,,,,,,,,,,,,,,,,,,,,,,,,,,,,,,,,
00BJGR,E05000626,Tooting,Wandsworth,345,5.1,,,,,,,,,,,,,,,,,,,,,,,,,,,,,,,,,,,,,,,,
00BJGS,E05000627,Wandsworth Common,Wandsworth,345,2.6,,,,,,,,,,,,,,,,,,,,,,,,,,,,,,,,,,,,,,,,
00BJGT,E05000628,West Hill,Wandsworth,353,2.9,,,,,,,,,,,,,,,,,,,,,,,,,,,,,,,,,,,,,,,,
00BJGU,E05000629,West Putney,Wandsworth,338,2.8,,,,,,,,,,,,,,,,,,,,,,,,,,,,,,,,,,,,,,,,
00BKGA,E05000630,Abbey Road,Westminster,361,5.4,,,,,,,,,,,,,,,,,,,,,,,,,,,,,,,,,,,,,,,,
00BKGB,E05000631,Bayswater,Westminster,367,6.0,,,,,,,,,,,,,,,,,,,,,,,,,,,,,,,,,,,,,,,,
00BKGC,E05000632,Bryanston and Dorset Square,Westminster,323,8.0,,,,,,,,,,,,,,,,,,,,,,,,,,,,,,,,,,,,,,,,
00BKGD,E05000633,Churchill,Westminster,352,4.8,,,,,,,,,,,,,,,,,,,,,,,,,,,,,,,,,,,,,,,,
00BKGE,E05000634,Church Street,Westminster,346,6.1,,,,,,,,,,,,,,,,,,,,,,,,,,,,,,,,,,,,,,,,
00BKGF,E05000635,Harrow Road,Westminster,326,5.5,,,,,,,,,,,,,,,,,,,,,,,,,,,,,,,,,,,,,,,,
00BKGG,E05000636,Hyde Park,Westminster,345,7.8,,,,,,,,,,,,,,,,,,,,,,,,,,,,,,,,,,,,,,,,
00BKGH,E05000637,Knightsbridge and Belgravia,Westminster,374,6.6,,,,,,,,,,,,,,,,,,,,,,,,,,,,,,,,,,,,,,,,
00BKGJ,E05000638,Lancaster Gate,Westminster,385,7.1,,,,,,,,,,,,,,,,,,,,,,,,,,,,,,,,,,,,,,,,
00BKGK,E05000639,Little Venice,Westminster,355,5.6,,,,,,,,,,,,,,,,,,,,,,,,,,,,,,,,,,,,,,,,
00BKGL,E05000640,Maida Vale,Westminster,344,5.3,,,,,,,,,,,,,,,,,,,,,,,,,,,,,,,,,,,,,,,,
00BKGM,E05000641,Marylebone High Street,Westminster,373,7.8,,,,,,,,,,,,,,,,,,,,,,,,,,,,,,,,,,,,,,,,
00BKGN,E05000642,Queen's Park,Westminster,346,5.0,,,,,,,,,,,,,,,,,,,,,,,,,,,,,,,,,,,,,,,,
00BKGP,E05000643,Regent's Park,Westminster,349,5.1,,,,,,,,,,,,,,,,,,,,,,,,,,,,,,,,,,,,,,,,
00BKGQ,E05000644,St James's,Westminster,350,7.6,,,,,,,,,,,,,,,,,,,,,,,,,,,,,,,,,,,,,,,,
00BKGR,E05000645,Tachbrook,Westminster,345,6.1,,,,,,,,,,,,,,,,,,,,,,,,,,,,,,,,,,,,,,,,
00BKGS,E05000646,Vincent Square,Westminster,335,6.7,,,,,,,,,,,,,,,,,,,,,,,,,,,,,,,,,,,,,,,,
00BKGT,E05000647,Warwick,Westminster,343,6.3,,,,,,,,,,,,,,,,,,,,,,,,,,,,,,,,,,,,,,,,
00BKGU,E05000648,Westbourne,Westminster,342,4.7,,,,,,,,,,,,,,,,,,,,,,,,,,,,,,,,,,,,,,,,
00BKGW,E05000649,West End,Westminster,303,7.9,,,,,,,,,,,,,,,,,,,,,,,,,,,,,,,,,,,,,,,,
#1,E12000007,,London,344,3.7,,,,,,,,,,,,,,,,,,,,,,,,,,,,,,,,,,,,,,,,
#2,727,,England and Wales,339,n/a,,,,,,,,,,,,,,,,,,,,,,,,,,,,,,,,,,,,,,,,
00AB,E09000002,BARKING AND DAGENHAM,Barking and Dagenham,335,3.0,,,,,,,,,,,,,,,,,,,,,,,,,,,,,,,,,,,,,,,,
00AC,E09000003,BARNET,Barnet,358,3.0,,,,,,,,,,,,,,,,,,,,,,,,,,,,,,,,,,,,,,,,
00AD,E09000004,BEXLEY,Bexley,350,2.5,,,,,,,,,,,,,,,,,,,,,,,,,,,,,,,,,,,,,,,,
00AE,E09000005,BRENT,Brent,341,3.7,,,,,,,,,,,,,,,,,,,,,,,,,,,,,,,,,,,,,,,,
00AF,E09000006,BROMLEY,Bromley,362,2.7,,,,,,,,,,,,,,,,,,,,,,,,,,,,,,,,,,,,,,,,
00AG,E09000007,CAMDEN,Camden,327,5.6,,,,,,,,,,,,,,,,,,,,,,,,,,,,,,,,,,,,,,,,
00AH,E09000008,CROYDON,Croydon,348,3.2,,,,,,,,,,,,,,,,,,,,,,,,,,,,,,,,,,,,,,,,
00AJ,E09000009,EALING,Ealing,343,3.3,,,,,,,,,,,,,,,,,,,,,,,,,,,,,,,,,,,,,,,,
00AK,E09000010,ENFIELD,Enfield,341,2.9,,,,,,,,,,,,,,,,,,,,,,,,,,,,,,,,,,,,,,,,
00AL,E09000011,GREENWICH,Greenwich,331,3.3,,,,,,,,,,,,,,,,,,,,,,,,,,,,,,,,,,,,,,,,
00AM,E09000012,HACKNEY,Hackney,330,4.8,,,,,,,,,,,,,,,,,,,,,,,,,,,,,,,,,,,,,,,,
00AN,E09000013,HAMMERSMITH AND FULHAM,Hammersmith and Fulham,353,4.6,,,,,,,,,,,,,,,,,,,,,,,,,,,,,,,,,,,,,,,,
00AP,E09000014,HARINGEY,Haringey,335,4.1,,,,,,,,,,,,,,,,,,,,,,,,,,,,,,,,,,,,,,,,
00AQ,E09000015,HARROW,Harrow,356,2.8,,,,,,,,,,,,,,,,,,,,,,,,,,,,,,,,,,,,,,,,
00AR,E09000016,HAVERING,Havering,341,2.5,,,,,,,,,,,,,,,,,,,,,,,,,,,,,,,,,,,,,,,,
00AS,E09000017,HILLINGDON,Hillingdon,345,2.4,,,,,,,,,,,,,,,,,,,,,,,,,,,,,,,,,,,,,,,,
00AT,E09000018,HOUNSLOW,Hounslow,349,3.0,,,,,,,,,,,,,,,,,,,,,,,,,,,,,,,,,,,,,,,,
00AU,E09000019,ISLINGTON,Islington,328,5.6,,,,,,,,,,,,,,,,,,,,,,,,,,,,,,,,,,,,,,,,
00AW,E09000020,KENSINGTON AND CHELSEA,Kensington and Chelsea,357,5.8,,,,,,,,,,,,,,,,,,,,,,,,,,,,,,,,,,,,,,,,
00AX,E09000021,KINGSTON UPON THAMES,Kingston upon Thames,359,2.8,,,,,,,,,,,,,,,,,,,,,,,,,,,,,,,,,,,,,,,,
00AY,E09000022,LAMBETH,Lambeth,340,5.0,,,,,,,,,,,,,,,,,,,,,,,,,,,,,,,,,,,,,,,,
00AZ,E09000023,LEWISHAM,Lewisham,321,3.9,,,,,,,,,,,,,,,,,,,,,,,,,,,,,,,,,,,,,,,,
00BA,E09000024,MERTON,Merton,354,3.4,,,,,,,,,,,,,,,,,,,,,,,,,,,,,,,,,,,,,,,,
00BB,E09000025,NEWHAM,Newham,330,3.8,,,,,,,,,,,,,,,,,,,,,,,,,,,,,,,,,,,,,,,,
00BC,E09000026,REDBRIDGE,Redbridge,349,3.0,,,,,,,,,,,,,,,,,,,,,,,,,,,,,,,,,,,,,,,,
00BD,E09000027,RICHMOND UPON THAMES,Richmond upon Thames,361,3.0,,,,,,,,,,,,,,,,,,,,,,,,,,,,,,,,,,,,,,,,
00BE,E09000028,SOUTHWARK,Southwark,338,4.7,,,,,,,,,,,,,,,,,,,,,,,,,,,,,,,,,,,,,,,,
00BF,E09000029,SUTTON,Sutton,363,2.8,,,,,,,,,,,,,,,,,,,,,,,,,,,,,,,,,,,,,,,,
00BG,E09000030,TOWER HAMLETS,Tower Hamlets,337,4.8,,,,,,,,,,,,,,,,,,,,,,,,,,,,,,,,,,,,,,,,
00BH,E09000031,WALTHAM FOREST,Waltham Forest,336,3.5,,,,,,,,,,,,,,,,,,,,,,,,,,,,,,,,,,,,,,,,
00BJ,E09000032,WANDSWORTH,Wandsworth,346,4.2,,,,,,,,,,,,,,,,,,,,,,,,,,,,,,,,,,,,,,,,
00BK,E09000033,WESTMINSTER,Westminster,345,6.3,,,,,,,,,,,,,,,,,,,,,,,,,,,,,,,,,,,,,,,,
,,,Standard Deviation,19.5,1.3,,,,,,,,,,,,,,,,,,,,,,,,,,,,,,,,,,,,,,,,
,,,,,,,,,,,,,,,,,,,,,,,,,,,,,,,,,,,,,,,,,,,,,
,,,,,,,,,,,,,,,,,,,,,,,,,,,,,,,,,,,,,,,,,,,,,
,,,,,,,,,,,,,,,,,,,,,,,,,,,,,,,,,,,,,,,,,,,,,
,,,,,,,,,,,,,,,,,,,,,,,,,,,,,,,,,,,,,,,,,,,,,
,,,,,,,,,,,,,,,,,,,,,,,,,,,,,,,,,,,,,,,,,,,,,
,,,,,,,,,,,,,,,,,,,,,,,,,,,,,,,,,,,,,,,,,,,,,
,,,,,,,,,,,,,,,,,,,,,,,,,,,,,,,,,,,,,,,,,,,,,
,,,,,,,,,,,,,,,,,,,,,,,,,,,,,,,,,,,,,,,,,,,,,
,,,,,,,,,,,,,,,,,,,,,,,,,,,,,,,,,,,,,,,,,,,,,
,,,,,,,,,,,,,,,,,,,,,,,,,,,,,,,,,,,,,,,,,,,,,
,,,,,,,,,,,,,,,,,,,,,,,,,,,,,,,,,,,,,,,,,,,,,
,,,,,,,,,,,,,,,,,,,,,,,,,,,,,,,,,,,,,,,,,,,,,
,,,,,,,,,,,,,,,,,,,,,,,,,,,,,,,,,,,,,,,,,,,,,
,,,,,,,,,,,,,,,,,,,,,,,,,,,,,,,,,,,,,,,,,,,,,
,,,,,,,,,,,,,,,,,,,,,,,,,,,,,,,,,,,,,,,,,,,,,
,,,,,,,,,,,,,,,,,,,,,,,,,,,,,,,,,,,,,,,,,,,,,
,,,,,,,,,,,,,,,,,,,,,,,,,,,,,,,,,,,,,,,,,,,,,
,,,,,,,,,,,,,,,,,,,,,,,,,,,,,,,,,,,,,,,,,,,,,
,,,,,,,,,,,,,,,,,,,,,,,,,,,,,,,,,,,,,,,,,,,,,
,,,,,,,,,,,,,,,,,,,,,,,,,,,,,,,,,,,,,,,,,,,,,
,,,,,,,,,,,,,,,,,,,,,,,,,,,,,,,,,,,,,,,,,,,,,
,,,,,,,,,,,,,,,,,,,,,,,,,,,,,,,,,,,,,,,,,,,,,
,,,,,,,,,,,,,,,,,,,,,,,,,,,,,,,,,,,,,,,,,,,,,
,,,,,,,,,,,,,,,,,,,,,,,,,,,,,,,,,,,,,,,,,,,,,
,,,,,,,,,,,,,,,,,,,,,,,,,,,,,,,,,,,,,,,,,,,,,
,,,,,,,,,,,,,,,,,,,,,,,,,,,,,,,,,,,,,,,,,,,,,
,,,,,,,,,,,,,,,,,,,,,,,,,,,,,,,,,,,,,,,,,,,,,
,,,,,,,,,,,,,,,,,,,,,,,,,,,,,,,,,,,,,,,,,,,,,
,,,,,,,,,,,,,,,,,,,,,,,,,,,,,,,,,,,,,,,,,,,,,
,,,,,,,,,,,,,,,,,,,,,,,,,,,,,,,,,,,,,,,,,,,,,
,,,,,,,,,,,,,,,,,,,,,,,,,,,,,,,,,,,,,,,,,,,,,
,,,,,,,,,,,,,,,,,,,,,,,,,,,,,,,,,,,,,,,,,,,,,
,,,,,,,,,,,,,,,,,,,,,,,,,,,,,,,,,,,,,,,,,,,,,
,,,,,,,,,,,,,,,,,,,,,,,,,,,,,,,,,,,,,,,,,,,,,
,,,,,,,,,,,,,,,,,,,,,,,,,,,,,,,,,,,,,,,,,,,,,
,,,,,,,,,,,,,,,,,,,,,,,,,,,,,,,,,,,,,,,,,,,,,
,,,,,,,,,,,,,,,,,,,,,,,,,,,,,,,,,,,,,,,,,,,,,
,,,,,,,,,,,,,,,,,,,,,,,,,,,,,,,,,,,,,,,,,,,,,
,,,,,,,,,,,,,,,,,,,,,,,,,,,,,,,,,,,,,,,,,,,,,
,,,,,,,,,,,,,,,,,,,,,,,,,,,,,,,,,,,,,,,,,,,,,
,,,,,,,,,,,,,,,,,,,,,,,,,,,,,,,,,,,,,,,,,,,,,
,,,,,,,,,,,,,,,,,,,,,,,,,,,,,,,,,,,,,,,,,,,,,
,,,,,,,,,,,,,,,,,,,,,,,,,,,,,,,,,,,,,,,,,,,,,
,,,,,,,,,,,,,,,,,,,,,,,,,,,,,,,,,,,,,,,,,,,,,
,,,,,,,,,,,,,,,,,,,,,,,,,,,,,,,,,,,,,,,,,,,,,
,,,,,,,,,,,,,,,,,,,,,,,,,,,,,,,,,,,,,,,,,,,,,
,,,,,,,,,,,,,,,,,,,,,,,,,,,,,,,,,,,,,,,,,,,,,
,,,,,,,,,,,,,,,,,,,,,,,,,,,,,,,,,,,,,,,,,,,,,
,,,,,,,,,,,,,,,,,,,,,,,,,,,,,,,,,,,,,,,,,,,,,
,,,,,,,,,,,,,,,,,,,,,,,,,,,,,,,,,,,,,,,,,,,,,